anio,mes,activo,filas_origen,n_filas_origen,crudo,conflicto_crudo,gas,conflicto_gas,fecha,nombre_activo,catalogo_faltante,precio_usd_barril,dias_mes,crudo_diario,gas_diario,log1p_crudo,trimestre,atipico_crudo_diario,atipico_gas_diario
2022,1,AM,2,1,1553.440000000,False,768993.480000000,False,2022-01-01,Amistad,False,77.620000000,31,50.110967742,24806.241290323,7.348870631,1,True,False
2022,1,AP,3,1,111303.525000000,False,10983.318000000,False,2022-01-01,Apaika,False,77.620000000,31,3590.436290323,354.300580645,11.620025192,1,False,False
2022,1,AU,4,1,2201299.520000000,False,284893.113000000,False,2022-01-01,Auca,False,77.620000000,31,71009.661935484,9190.100419355,14.604558889,1,False,False
2022,1,CU,5,1,743335.360000000,False,156702.520000000,False,2022-01-01,Cuyabeno,False,77.620000000,31,23978.560000000,5054.920000000,13.518903927,1,True,False
2022,1,EY,6,1,829270.640000000,False,117907.832000000,False,2022-01-01,Edén Yuturi,False,77.620000000,31,26750.665806452,3803.478451613,13.628303052,1,True,False
2022,1,IN,7,1,462464.870000000,False,97778.667000000,False,2022-01-01,Indillana,False,77.620000000,31,14918.221612903,3154.150548387,13.044328039,1,False,False
2022,1,ITT,8,1,1456841.555000000,False,55114.627000000,False,2022-01-01,Ishpingo-Tiputini-Tambococha,False,77.620000000,31,46994.888870968,1777.891193548,14.191782018,1,False,False
2022,1,LA,9,1,387984.160000000,False,170337.257000000,False,2022-01-01,Lago Agrio,False,77.620000000,31,12515.618064516,5494.750225806,12.868722370,1,False,True
2022,1,LI,10,1,327298.770000000,False,255150.873000000,False,2022-01-01,Libertador,False,77.620000000,31,10558.024838710,8230.673322581,12.698631758,1,False,False
2022,1,OY,11,1,540798.120000000,False,24619.359000000,False,2022-01-01,Oso Yuralpa,False,77.620000000,31,17445.100645161,794.172870968,13.200803176,1,False,True
2022,1,PA,12,1,230546.420000000,False,235705.862000000,False,2022-01-01,Palo Azul,False,77.620000000,31,7436.981290323,7603.414903226,12.348211847,1,False,False
2022,1,SA,13,1,1887772.000000000,False,536365.465000000,False,2022-01-01,Sacha,False,77.620000000,31,60895.870967742,17302.111774194,14.450908385,1,True,False
2022,1,SH,14,1,1826594.940000000,False,539672.655000000,False,2022-01-01,Shushufindi,False,77.620000000,31,58922.417419355,17408.795322581,14.417964651,1,False,False
2022,2,AM,15,1,1387.980000000,False,687928.860000000,False,2022-02-01,Amistad,False,84.660000000,28,49.570714286,24568.887857143,7.236324944,1,True,False
2022,2,AP,16,1,91717.735000000,False,9530.762000000,False,2022-02-01,Apaika,False,84.660000000,28,3275.633392857,340.384357143,11.426481945,1,False,False
2022,2,AU,17,1,2115838.510000000,False,277218.147000000,False,2022-02-01,Auca,False,84.660000000,28,75565.661071429,9900.648107143,14.564962223,1,False,False
2022,2,CU,18,1,734898.820000000,False,151258.263000000,False,2022-02-01,Cuyabeno,False,84.660000000,28,26246.386428571,5402.080821429,13.507489470,1,True,True
2022,2,EY,19,1,756641.333000000,False,118164.248000000,False,2022-02-01,Edén Yuturi,False,84.660000000,28,27022.904750000,4220.151714286,13.536645941,1,True,False
2022,2,IN,20,1,445624.730000000,False,97782.841000000,False,2022-02-01,Indillana,False,84.660000000,28,15915.168928571,3492.244321429,13.007234708,1,False,False
2022,2,ITT,21,1,1204598.662000000,False,45219.219000000,False,2022-02-01,Ishpingo-Tiputini-Tambococha,False,84.660000000,28,43021.380785714,1614.972107143,14.001657839,1,False,False
2022,2,LA,22,1,354998.010000000,False,147013.753000000,False,2022-02-01,Lago Agrio,False,84.660000000,28,12678.500357143,5250.491178571,12.779870280,1,False,True
2022,2,LI,23,1,314280.840000000,False,224539.423000000,False,2022-02-01,Libertador,False,84.660000000,28,11224.315714286,8019.265107143,12.658045442,1,False,False
2022,2,OY,24,1,506917.950000000,False,23442.389000000,False,2022-02-01,Oso Yuralpa,False,84.660000000,28,18104.212500000,837.228178571,13.136106408,1,False,False
2022,2,PA,25,1,218043.880000000,False,215029.654000000,False,2022-02-01,Palo Azul,False,84.660000000,28,7787.281428571,7679.630500000,12.292456192,1,False,False
2022,2,SA,26,1,1880795.190000000,False,525704.747000000,False,2022-02-01,Sacha,False,84.660000000,28,67171.256785714,18775.169535714,14.447205750,1,False,False
2022,2,SH,27,1,1797858.230000000,False,521861.129000000,False,2022-02-01,Shushufindi,False,84.660000000,28,64209.222500000,18637.897464286,14.402107198,1,False,False
2022,3,AM,28,1,1419.900000000,False,753575.080000000,False,2022-03-01,Amistad,False,100.380000000,31,45.803225806,24308.873548387,7.259045753,1,True,False
2022,3,AP,29,1,118699.060000000,False,13348.522000000,False,2022-03-01,Apaika,False,100.380000000,31,3829.001935484,430.597483871,11.684355086,1,False,False
2022,3,AU,30,1,2315169.720000000,False,308295.643000000,False,2022-03-01,Auca,False,100.380000000,31,74682.894193548,9945.020741935,14.654993988,1,False,False
2022,3,CU,31,1,791663.080000000,False,169258.872000000,False,2022-03-01,Cuyabeno,False,100.380000000,31,25537.518709677,5459.963612903,13.581892439,1,True,True
2022,3,EY,32,1,928630.599000000,False,146738.458000000,False,2022-03-01,Edén Yuturi,False,100.380000000,31,29955.825774194,4733.498645161,13.741467383,1,False,False
2022,3,IN,33,1,499450.380000000,False,111389.833000000,False,2022-03-01,Indillana,False,100.380000000,31,16111.302580645,3593.220419355,13.121265535,1,False,False
2022,3,ITT,34,1,1669926.341000000,False,63263.446000000,False,2022-03-01,Ishpingo-Tiputini-Tambococha,False,100.380000000,31,53868.591645161,2040.756322581,14.328290675,1,False,False
2022,3,LA,35,1,412466.270000000,False,175090.216000000,False,2022-03-01,Lago Agrio,False,100.380000000,31,13305.363548387,5648.071483871,12.929912136,1,True,False
2022,3,LI,36,1,364777.450000000,False,255265.082000000,False,2022-03-01,Libertador,False,100.380000000,31,11767.014516129,8234.357483871,12.807045462,1,False,False
2022,3,OY,37,1,561250.510000000,False,26023.146000000,False,2022-03-01,Oso Yuralpa,False,100.380000000,31,18104.855161290,839.456322581,13.237924408,1,False,False
2022,3,PA,38,1,240211.980000000,False,233212.808000000,False,2022-03-01,Palo Azul,False,100.380000000,31,7748.773548387,7522.993806452,12.389281225,1,False,False
2022,3,SA,39,1,2105172.240000000,False,583204.437000000,False,2022-03-01,Sacha,False,100.380000000,31,67908.781935484,18813.046354839,14.559908321,1,False,False
2022,3,SH,40,1,2009004.370000000,False,595262.122000000,False,2022-03-01,Shushufindi,False,100.380000000,31,64806.592580645,19202.003935484,14.513150317,1,False,False
2022,4,AM,41,1,1248.430000000,False,722747.100000000,False,2022-04-01,Amistad,False,94.700000000,30,41.614333333,24091.570000000,7.130442726,2,False,False
2022,4,AP,42,1,110420.690000000,False,12841.212000000,False,2022-04-01,Apaika,False,94.700000000,30,3680.689666667,428.040400000,11.612061861,2,False,False
2022,4,AU,43,1,2258829.230000000,False,298718.140000000,False,2022-04-01,Auca,False,94.700000000,30,75294.307666667,9957.271333333,14.630357640,2,False,False
2022,4,CU,44,1,766907.950000000,False,170565.434000000,False,2022-04-01,Cuyabeno,False,94.700000000,30,25563.598333333,5685.514466667,13.550123364,2,True,True
2022,4,EY,45,1,911653.796000000,False,140567.238000000,False,2022-04-01,Edén Yuturi,False,94.700000000,30,30388.459866667,4685.574600000,13.723016684,2,False,False
2022,4,IN,46,1,475665.330000000,False,102233.833000000,False,2022-04-01,Indillana,False,94.700000000,30,15855.511000000,3407.794433333,13.072471900,2,False,False
2022,4,ITT,47,1,1596696.554000000,False,62966.354000000,False,2022-04-01,Ishpingo-Tiputini-Tambococha,False,94.700000000,30,53223.218466667,2098.878466667,14.283448025,2,False,False
2022,4,LA,48,1,386525.970000000,False,181279.188000000,False,2022-04-01,Lago Agrio,False,94.700000000,30,12884.199000000,6042.639600000,12.864956925,2,False,False
2022,4,LI,49,1,349183.720000000,False,242364.586000000,False,2022-04-01,Libertador,False,94.700000000,30,11639.457333333,8078.819533333,12.763356345,2,False,False
2022,4,OY,50,1,551953.560000000,False,25863.001000000,False,2022-04-01,Oso Yuralpa,False,94.700000000,30,18398.452000000,862.100033333,13.221221003,2,False,False
2022,4,PA,51,1,224483.010000000,False,215507.884000000,False,2022-04-01,Palo Azul,False,94.700000000,30,7482.767000000,7183.596133333,12.321559759,2,False,False
2022,4,SA,52,1,2046937.090000000,False,593182.478000000,False,2022-04-01,Sacha,False,94.700000000,30,68231.236333333,19772.749266667,14.531855620,2,False,False
2022,4,SH,53,1,1932437.830000000,False,573069.145000000,False,2022-04-01,Shushufindi,False,94.700000000,30,64414.594333333,19102.304833333,14.474293406,2,False,False
2022,5,AM,54,1,1244.960000000,False,743282.520000000,False,2022-05-01,Amistad,False,101.310000000,31,40.160000000,23976.855483871,7.127661596,2,False,False
2022,5,AP,55,1,115261.929000000,False,13043.371000000,False,2022-05-01,Apaika,False,101.310000000,31,3718.126741935,420.753903226,11.654971137,2,False,False
2022,5,AU,56,1,2349026.830000000,False,317663.614000000,False,2022-05-01,Auca,False,101.310000000,31,75775.059032258,10247.213354839,14.669512111,2,False,False
2022,5,CU,57,1,788778.820000000,False,177334.214000000,False,2022-05-01,Cuyabeno,False,101.310000000,31,25444.478064516,5720.458516129,13.578242499,2,True,True
2022,5,EY,58,1,923846.472000000,False,141291.689000000,False,2022-05-01,Edén Yuturi,False,101.310000000,31,29801.499096774,4557.796419355,13.736302263,2,False,False
2022,5,IN,59,1,482392.290000000,False,106087.458000000,False,2022-05-01,Indillana,False,101.310000000,31,15561.041612903,3422.176064516,13.086515015,2,False,False
2022,5,ITT,60,1,1605632.449000000,False,64248.635000000,False,2022-05-01,Ishpingo-Tiputini-Tambococha,False,101.310000000,31,51794.595129032,2072.536612903,14.289028909,2,False,False
2022,5,LA,61,1,382168.880000000,False,184787.270000000,False,2022-05-01,Lago Agrio,False,101.310000000,31,12328.028387097,5960.879677419,12.853620501,2,False,False
2022,5,LI,62,1,349917.230000000,False,237630.958000000,False,2022-05-01,Libertador,False,101.310000000,31,11287.652580645,7665.514774194,12.765454778,2,False,False
2022,5,OY,63,1,593052.400000000,False,27738.012000000,False,2022-05-01,Oso Yuralpa,False,101.310000000,31,19130.722580645,894.774580645,13.293039725,2,False,False
2022,5,PA,64,1,225276.490000000,False,228851.168000000,False,2022-05-01,Palo Azul,False,101.310000000,31,7266.983548387,7382.295741935,12.325088210,2,False,False
2022,5,SA,65,1,2140828.610000000,False,646162.335000000,False,2022-05-01,Sacha,False,101.310000000,31,69058.987419355,20843.946290323,14.576703980,2,False,False
2022,5,SH,66,1,2033974.390000000,False,601619.370000000,False,2022-05-01,Shushufindi,False,101.310000000,31,65612.077096774,19407.076451613,14.525502756,2,False,False
2022,6,AM,67,1,1207.370000000,False,709881.900000000,False,2022-06-01,Amistad,False,104.400000000,30,40.245666667,23662.730000000,7.097027623,2,False,False
2022,6,AP,68,1,104059.179000000,False,12306.828000000,False,2022-06-01,Apaika,False,104.400000000,30,3468.639300000,410.227600000,11.552724655,2,False,False
2022,6,AU,69,1,1830147.830000000,False,244641.694000000,False,2022-06-01,Auca,False,104.400000000,30,61004.927666667,8154.723133333,14.419907849,2,False,False
2022,6,CU,70,1,542440.610000000,False,120462.292000000,False,2022-06-01,Cuyabeno,False,104.400000000,30,18081.353666667,4015.409733333,13.203835727,2,False,True
2022,6,EY,71,1,915693.846000000,False,140375.372000000,False,2022-06-01,Edén Yuturi,False,104.400000000,30,30523.128200000,4679.179066667,13.727438451,2,False,False
2022,6,IN,72,1,350897.390000000,False,71830.164000000,False,2022-06-01,Indillana,False,104.400000000,30,11696.579666667,2394.338800000,12.768251973,2,False,False
2022,6,ITT,73,1,1571156.895000000,False,64722.075000000,False,2022-06-01,Ishpingo-Tiputini-Tambococha,False,104.400000000,30,52371.896500000,2157.402500000,14.267323418,2,False,False
2022,6,LA,74,1,280741.290000000,False,155584.190000000,False,2022-06-01,Lago Agrio,False,104.400000000,30,9358.043000000,5186.139666667,12.545192410,2,False,True
2022,6,LI,75,1,243536.000000000,False,152739.224000000,False,2022-06-01,Libertador,False,104.400000000,30,8117.866666667,5091.307466667,12.403024161,2,False,False
2022,6,OY,76,1,392685.370000000,False,18901.157000000,False,2022-06-01,Oso Yuralpa,False,104.400000000,30,13089.512333333,630.038566667,12.880766532,2,True,True
2022,6,PA,77,1,183202.180000000,False,165287.188000000,False,2022-06-01,Palo Azul,False,104.400000000,30,6106.739333333,5509.572933333,12.118351089,2,False,False
2022,6,SA,78,1,1497984.400000000,False,460980.209000000,False,2022-06-01,Sacha,False,104.400000000,30,49932.813333333,15366.006966667,14.219631697,2,True,True
2022,6,SH,79,1,1623881.010000000,False,483423.014000000,False,2022-06-01,Shushufindi,False,104.400000000,30,54129.367000000,16114.100466667,14.300330143,2,False,False
2022,7,AM,80,1,1255.350000000,False,720674.590000000,False,2022-07-01,Amistad,False,87.460000000,31,40.495161290,23247.567419355,7.135965971,3,False,False
2022,7,AP,81,1,102595.476000000,False,11699.098000000,False,2022-07-01,Apaika,False,87.460000000,31,3309.531483871,377.390258065,11.538558864,3,False,False
2022,7,AU,82,1,2271767.590000000,False,298673.100000000,False,2022-07-01,Auca,False,87.460000000,31,73282.825483871,9634.616129032,14.636069201,3,False,False
2022,7,CU,83,1,755390.550000000,False,164788.543000000,False,2022-07-01,Cuyabeno,False,87.460000000,31,24367.437096774,5315.759451613,13.534991503,3,True,False
2022,7,EY,84,1,956716.693000000,False,146625.582000000,False,2022-07-01,Edén Yuturi,False,87.460000000,31,30861.828806452,4729.857483871,13.771263635,3,False,False
2022,7,IN,85,1,458793.560000000,False,92338.500000000,False,2022-07-01,Indillana,False,87.460000000,31,14799.792258065,2978.661290323,13.036357807,3,False,False
2022,7,ITT,86,1,1607293.501000000,False,68527.497000000,False,2022-07-01,Ishpingo-Tiputini-Tambococha,False,87.460000000,31,51848.177451613,2210.564419355,14.290062889,3,False,False
2022,7,LA,87,1,358918.700000000,False,174705.681000000,False,2022-07-01,Lago Agrio,False,87.460000000,31,11578.022580645,5635.667129032,12.790853966,3,False,False
2022,7,LI,88,1,334373.560000000,False,219041.780000000,False,2022-07-01,Libertador,False,87.460000000,31,10786.243870968,7065.863870968,12.720017081,3,False,False
2022,7,OY,89,1,520323.160000000,False,26447.960000000,False,2022-07-01,Oso Yuralpa,False,87.460000000,31,16784.618064516,853.160000000,13.162207281,3,False,False
2022,7,PA,90,1,256166.290000000,False,222303.002000000,False,2022-07-01,Palo Azul,False,87.460000000,31,8263.428709677,7171.064580645,12.453585987,3,False,False
2022,7,SA,91,1,2095707.220000000,False,641922.963000000,False,2022-07-01,Sacha,False,87.460000000,31,67603.458709677,20707.192354839,14.555402107,3,False,False
2022,7,SH,92,1,1889514.140000000,False,548314.511000000,False,2022-07-01,Shushufindi,False,87.460000000,31,60952.069032258,17687.564870968,14.451830814,3,False,False
2022,8,AM,93|110,2,1253.700000000,False,,True,2022-08-01,Amistad,False,83.280000000,31,40.441935484,,7.134651779,3,False,False
2022,8,AP,94|106,2,109785.831000000,False,14019.320000000,False,2022-08-01,Apaika,False,83.280000000,31,3541.478419355,452.236129032,11.606295865,3,False,False
2022,8,AU,95|115,2,2301395.510000000,False,,True,2022-08-01,Auca,False,83.280000000,31,74238.564838710,,14.649026675,3,False,False
2022,8,CU,96|111,2,769633.920000000,False,173601.770000000,False,2022-08-01,Cuyabeno,False,83.280000000,31,24826.900645161,5600.057096774,13.553671552,3,True,True
2022,8,EY,97|107,2,952832.426000000,False,152400.210000000,False,2022-08-01,Edén Yuturi,False,83.280000000,31,30736.529870968,4916.135806452,13.767195378,3,False,False
2022,8,IN,98|108,2,483442.900000000,False,94161.000000000,False,2022-08-01,Indillana,False,83.280000000,31,15594.932258065,3037.451612903,13.088690558,3,False,False
2022,8,ITT,99|109,2,1600149.413000000,False,67250.136000000,False,2022-08-01,Ishpingo-Tiputini-Tambococha,False,83.280000000,31,51617.723000000,2169.359225806,14.285608191,3,False,False
2022,8,LA,100|112,2,,True,176770.656000000,False,2022-08-01,Lago Agrio,False,83.280000000,31,,5702.279225806,,3,False,False
2022,8,LI,101|113,2,349643.790000000,False,231162.511000000,False,2022-08-01,Libertador,False,83.280000000,31,11278.831935484,7456.855193548,12.764673032,3,False,False
2022,8,OY,102|116,2,590887.110000000,False,30891.720000000,False,2022-08-01,Oso Yuralpa,False,83.280000000,31,19060.874516129,996.507096774,13.289381955,3,False,False
2022,8,PA,103|117,2,271205.650000000,False,233574.355000000,False,2022-08-01,Palo Azul,False,83.280000000,31,8748.569354839,7534.656612903,12.510636355,3,False,False
2022,8,SA,104|118,2,2159797.640000000,False,658193.058000000,False,2022-08-01,Sacha,False,83.280000000,31,69670.891612903,21232.034129032,14.585525553,3,False,False
2022,8,SH,105|114,2,1989905.450000000,False,625476.445000000,False,2022-08-01,Shushufindi,False,83.280000000,31,64190.498387097,20176.659516129,14.503598186,3,False,False
2022,9,AM,123,1,1204.560000000,False,106.190000000,False,2022-09-01,Amistad,False,77.600000000,30,40.152000000,3.539666667,7.094699468,3,False,True
2022,9,AP,119,1,102165.003000000,False,12082.949000000,False,2022-09-01,Apaika,False,77.600000000,30,3405.500100000,402.764966667,11.534354250,3,False,False
2022,9,AU,128,1,2274591.050000000,False,304997.259000000,False,2022-09-01,Auca,False,77.600000000,30,75819.701666667,10166.575300000,14.637311276,3,False,False
2022,9,CU,124,1,710171.070000000,False,163239.912000000,False,2022-09-01,Cuyabeno,False,77.600000000,30,23672.369000000,5441.330400000,13.473262572,3,True,True
2022,9,EY,120,1,911640.317000000,False,141832.611000000,False,2022-09-01,Edén Yuturi,False,77.600000000,30,30388.010566667,4727.753700000,13.723001899,3,False,False
2022,9,IN,121,1,451011.610000000,False,95573.063000000,False,2022-09-01,Indillana,False,77.600000000,30,15033.720333333,3185.768766667,13.019250578,3,False,False
2022,9,ITT,122,1,1511848.960000000,False,66725.971000000,False,2022-09-01,Ishpingo-Tiputini-Tambococha,False,77.600000000,30,50394.965333333,2224.199033333,14.228844598,3,False,False
2022,9,LA,125,1,352723.240000000,False,167685.826000000,False,2022-09-01,Lago Agrio,False,77.600000000,30,11757.441333333,5589.527533333,12.773441841,3,False,True
2022,9,LI,126,1,356208.990000000,False,239323.530000000,False,2022-09-01,Libertador,False,77.600000000,30,11873.633000000,7977.451000000,12.783275695,3,False,False
2022,9,OY,129,1,585650.090000000,False,29738.190000000,False,2022-09-01,Oso Yuralpa,False,77.600000000,30,19521.669666667,991.273000000,13.280479482,3,False,False
2022,9,PA,130,1,260970.620000000,False,249634.747000000,False,2022-09-01,Palo Azul,False,77.600000000,30,8699.020666667,8321.158233333,12.472166945,3,False,False
2022,9,SA,131,1,2087802.110000000,False,626392.610000000,False,2022-09-01,Sacha,False,77.600000000,30,69593.403666667,20879.753666667,14.551622928,3,False,False
2022,9,SH,127,1,1875029.660000000,False,544972.522000000,False,2022-09-01,Shushufindi,False,77.600000000,30,62500.988666667,18165.750733333,14.444135569,3,False,False
2022,10,AM,136,1,1237.560000000,False,110.790000000,False,2022-10-01,Amistad,False,80.510000000,31,39.921290323,3.573870968,7.121704693,4,False,True
2022,10,AP,132,1,101750.428000000,False,11972.739000000,False,2022-10-01,Apaika,False,80.510000000,31,3282.271870968,386.217387097,11.530288138,4,False,False
2022,10,AU,141,1,2377928.920000000,False,320997.872000000,False,2022-10-01,Auca,False,80.510000000,31,76707.384516129,10354.770064516,14.681740886,4,False,False
2022,10,CU,137,1,682846.190000000,False,160254.166000000,False,2022-10-01,Cuyabeno,False,80.510000000,31,22027.296451613,5169.489225806,13.434026380,4,False,False
2022,10,EY,133,1,944537.458000000,False,143838.471000000,False,2022-10-01,Edén Yuturi,False,80.510000000,31,30468.950258065,4639.950677419,13.758451683,4,False,False
2022,10,IN,134,1,473442.990000000,False,106268.130000000,False,2022-10-01,Indillana,False,80.510000000,31,15272.354516129,3428.004193548,13.067788895,4,False,False
2022,10,ITT,135,1,1594477.114000000,False,73948.757000000,False,2022-10-01,Ishpingo-Tiputini-Tambococha,False,80.510000000,31,51434.745612903,2385.443774194,14.282057039,4,False,False
2022,10,LA,138,1,359452.640000000,False,174976.989000000,False,2022-10-01,Lago Agrio,False,80.510000000,31,11595.246451613,5644.419000000,12.792340491,4,False,False
2022,10,LI,139,1,414455.200000000,False,278519.545000000,False,2022-10-01,Libertador,False,80.510000000,31,13369.522580645,8984.501451613,12.934722578,4,False,False
2022,10,OY,142,1,620533.160000000,False,31049.026000000,False,2022-10-01,Oso Yuralpa,False,80.510000000,31,20017.198709677,1001.581483871,13.338335934,4,False,False
2022,10,PA,143,1,270651.250000000,False,252891.331000000,False,2022-10-01,Palo Azul,False,80.510000000,31,8730.685483871,8157.784870968,12.508590066,4,False,False
2022,10,SA,144,1,2133451.460000000,False,639858.201000000,False,2022-10-01,Sacha,False,80.510000000,31,68821.014838710,20640.587129032,14.573252099,4,False,False
2022,10,SH,140,1,1991477.470000000,False,565618.063000000,False,2022-10-01,Shushufindi,False,80.510000000,31,64241.208709677,18245.743967742,14.504387871,4,False,False
2022,11,AM,149,1,1041.910000000,False,98.450000000,False,2022-11-01,Amistad,False,75.360000000,30,34.730333333,3.281666667,6.949770162,4,False,True
2022,11,AP,145,1,97400.279000000,False,12531.066000000,False,2022-11-01,Apaika,False,75.360000000,30,3246.675966667,417.702200000,11.486594621,4,False,False
2022,11,AU,154,1,2319683.030000000,False,311532.878000000,False,2022-11-01,Auca,False,75.360000000,30,77322.767666667,10384.429266667,14.656941540,4,False,False
2022,11,CU,150,1,629564.840000000,False,146328.011000000,False,2022-11-01,Cuyabeno,False,75.360000000,30,20985.494666667,4877.600366667,13.352785718,4,False,False
2022,11,EY,146,1,905529.711000000,False,143284.814000000,False,2022-11-01,Edén Yuturi,False,75.360000000,30,30184.323700000,4776.160466667,13.716276472,4,False,False
2022,11,IN,147,1,458592.100000000,False,105142.417000000,False,2022-11-01,Indillana,False,75.360000000,30,15286.403333333,3504.747233333,13.035918604,4,False,False
2022,11,ITT,148,1,1452478.320000000,False,69221.853000000,False,2022-11-01,Ishpingo-Tiputini-Tambococha,False,75.360000000,30,48415.944000000,2307.395100000,14.188782530,4,False,False
2022,11,LA,151,1,339668.050000000,False,191994.498000000,False,2022-11-01,Lago Agrio,False,75.360000000,30,11322.268333333,6399.816600000,12.735727040,4,False,False
2022,11,LI,152,1,376126.980000000,False,273780.062000000,False,2022-11-01,Libertador,False,75.360000000,30,12537.566000000,9126.002066667,12.837684737,4,False,False
2022,11,OY,155,1,600822.380000000,False,30158.125000000,False,2022-11-01,Oso Yuralpa,False,75.360000000,30,20027.412666667,1005.270833333,13.306056293,4,False,False
2022,11,PA,156,1,249769.670000000,False,233410.364000000,False,2022-11-01,Palo Azul,False,75.360000000,30,8325.655666667,7780.345466667,12.428298456,4,False,False
2022,11,SA,157,1,2112753.360000000,False,639373.481000000,False,2022-11-01,Sacha,False,75.360000000,30,70425.112000000,21312.449366667,14.563503038,4,False,False
2022,11,SH,153,1,1931029.300000000,False,528771.016000000,False,2022-11-01,Shushufindi,False,75.360000000,30,64367.643333333,17625.700533333,14.473564253,4,False,False
2022,12,AM,162,1,983.690000000,False,90.320000000,False,2022-12-01,Amistad,False,69.200000000,31,31.731935484,2.913548387,6.892326871,4,False,True
2022,12,AP,158,1,103309.694000000,False,14240.106000000,False,2022-12-01,Apaika,False,69.200000000,31,3332.570774194,459.358258065,11.545496173,4,False,False
2022,12,AU,167,1,2371898.890000000,False,325634.589000000,False,2022-12-01,Auca,False,69.200000000,31,76512.867419355,10504.341580645,14.679201833,4,False,False
2022,12,CU,163,1,641831.010000000,False,143156.053000000,False,2022-12-01,Cuyabeno,False,69.200000000,31,20704.226129032,4617.937193548,13.372081882,4,False,False
2022,12,EY,159,1,948891.390000000,False,159270.434000000,False,2022-12-01,Edén Yuturi,False,69.200000000,31,30609.399677419,5137.755935484,13.763050678,4,False,False
2022,12,IN,160,1,463523.060000000,False,102452.750000000,False,2022-12-01,Indillana,False,69.200000000,31,14952.356774194,3304.927419355,13.046613572,4,False,False
2022,12,ITT,161,1,1602529.976000000,False,79751.016000000,False,2022-12-01,Ishpingo-Tiputini-Tambococha,False,69.200000000,31,51694.515354839,2572.613419355,14.287094797,4,False,False
2022,12,LA,164,1,344622.800000000,False,221455.028000000,False,2022-12-01,Lago Agrio,False,69.200000000,31,11116.864516129,7143.710580645,12.750208666,4,False,False
2022,12,LI,165,1,381144.030000000,False,298192.081000000,False,2022-12-01,Libertador,False,69.200000000,31,12294.968709677,9619.099387097,12.850935238,4,False,False
2022,12,OY,168,1,630437.880000000,False,31420.358000000,False,2022-12-01,Oso Yuralpa,False,69.200000000,31,20336.705806452,1013.559935484,13.354171491,4,False,False
2022,12,PA,169,1,260896.340000000,False,255121.474000000,False,2022-12-01,Palo Azul,False,69.200000000,31,8416.010967742,8229.724967742,12.471882276,4,False,False
2022,12,SA,170,1,2188559.290000000,False,657039.649000000,False,2022-12-01,Sacha,False,69.200000000,31,70598.686774194,21194.827387097,14.598754484,4,False,False
2022,12,SH,166,1,1912260.900000000,False,543341.938000000,False,2022-12-01,Shushufindi,False,69.200000000,31,61685.835483871,17527.159290323,14.463797340,4,False,False
2023,1,AB16,171,1,415251.960000000,False,120309.950000000,False,2023-01-01,AB16 (sin catálogo),True,65.110000000,31,13395.224516129,3880.966129032,12.936643156,1,False,True
2023,1,AM,172,1,903.100000000,False,679098.210000000,False,2023-01-01,Amistad,False,65.110000000,31,29.132258065,21906.393870968,6.806939974,1,False,False
2023,1,AP,173,1,103878.203000000,False,14499.140000000,False,2023-01-01,Apaika,False,65.110000000,31,3350.909774194,467.714193548,11.550983993,1,False,False
2023,1,AU,174,1,2386404.410000000,False,320132.275000000,False,2023-01-01,Auca,False,65.110000000,31,76980.787419355,10326.847580645,14.685298779,1,False,False
2023,1,CU,175,1,640063.860000000,False,148308.733000000,False,2023-01-01,Cuyabeno,False,65.110000000,31,20647.221290323,4784.152677419,13.369324794,1,False,False
2023,1,EY,176,1,948583.175000000,False,165661.040000000,False,2023-01-01,Edén Yuturi,False,65.110000000,31,30599.457258065,5343.904516129,13.762725810,1,False,False
2023,1,IN,177,1,476263.050000000,False,99913.146000000,False,2023-01-01,Indillana,False,65.110000000,31,15363.324193548,3223.004709677,13.073727706,1,False,False
2023,1,ITT,178,1,1631411.942000000,False,80894.568000000,False,2023-01-01,Ishpingo-Tiputini-Tambococha,False,65.110000000,31,52626.191677419,2609.502193548,14.304957033,1,False,False
2023,1,LA,179,1,321887.560000000,False,217625.741000000,False,2023-01-01,Lago Agrio,False,65.110000000,31,10383.469677419,7020.185193548,12.681960678,1,False,False
2023,1,LI,180,1,361271.010000000,False,285224.067000000,False,2023-01-01,Libertador,False,65.110000000,31,11653.903548387,9200.776354839,12.797386444,1,False,False
2023,1,OY,181,1,627124.060000000,False,31574.024000000,False,2023-01-01,Oso Yuralpa,False,65.110000000,31,20229.808387097,1018.516903226,13.348901257,1,False,False
2023,1,PA,182,1,264023.560000000,False,307595.350000000,False,2023-01-01,Palo Azul,False,65.110000000,31,8516.889032258,9922.430645161,12.483797408,1,False,False
2023,1,SA,183,1,2195127.880000000,False,654585.000000000,False,2023-01-01,Sacha,False,65.110000000,31,70810.576774194,21115.645161290,14.601751318,1,False,False
2023,1,SH,184,1,1924251.060000000,False,544598.391000000,False,2023-01-01,Shushufindi,False,65.110000000,31,62072.614838710,17567.690032258,14.470047910,1,False,False
2023,2,AB16,185,1,328682.320000000,False,95585.950000000,False,2023-02-01,AB16 (sin catálogo),True,64.200000000,28,11738.654285714,3413.783928571,12.702850013,1,False,False
2023,2,AM,186,1,798.180000000,False,608293.330000000,False,2023-02-01,Amistad,False,64.200000000,28,28.506428571,21724.761785714,6.683586202,1,False,False
2023,2,AP,187,1,80466.286000000,False,11527.404000000,False,2023-02-01,Apaika,False,64.200000000,28,2873.795928571,411.693000000,11.295605996,1,False,False
2023,2,AU,188,1,1815800.140000000,False,238208.759000000,False,2023-02-01,Auca,False,64.200000000,28,64850.005000000,8507.455678571,14.412037328,1,False,False
2023,2,CU,189,1,520326.550000000,False,123121.709000000,False,2023-02-01,Cuyabeno,False,64.200000000,28,18583.091071429,4397.203892857,13.162213796,1,False,False
2023,2,EY,190,1,758843.681000000,False,137061.806000000,False,2023-02-01,Edén Yuturi,False,64.200000000,28,27101.560035714,4895.064500000,13.539552399,1,True,False
2023,2,IN,191,1,385239.860000000,False,89639.354000000,False,2023-02-01,Indillana,False,64.200000000,28,13758.566428571,3201.405500000,12.861624028,1,False,False
2023,2,ITT,192,1,1330805.303000000,False,63096.660000000,False,2023-02-01,Ishpingo-Tiputini-Tambococha,False,64.200000000,28,47528.760821429,2253.452142857,14.101295559,1,False,False
2023,2,LA,193,1,285924.970000000,False,181091.794000000,False,2023-02-01,Lago Agrio,False,64.200000000,28,10211.606071429,6467.564071429,12.563488210,1,False,False
2023,2,LI,194,1,296744.070000000,False,252909.680000000,False,2023-02-01,Libertador,False,64.200000000,28,10598.002500000,9032.488571429,12.600628699,1,False,False
2023,2,OY,195,1,536725.430000000,False,27166.095000000,False,2023-02-01,Oso Yuralpa,False,64.200000000,28,19168.765357143,970.217678571,13.193243802,1,False,False
2023,2,PA,196,1,218205.280000000,False,248979.579000000,False,2023-02-01,Palo Azul,False,64.200000000,28,7793.045714286,8892.127821429,12.293196133,1,False,False
2023,2,SA,197,1,1922891.150000000,False,559646.483000000,False,2023-02-01,Sacha,False,64.200000000,28,68674.683928571,19987.374392857,14.469340939,1,False,False
2023,2,SH,198,1,1586929.890000000,False,448115.068000000,False,2023-02-01,Shushufindi,False,64.200000000,28,56676.067500000,16004.109571429,14.277312451,1,False,False
2023,3,AB16,199,1,349692.670000000,False,88244.760000000,False,2023-03-01,AB16 (sin catálogo),True,60.760000000,31,11280.408709677,2846.605161290,12.764812822,1,False,False
2023,3,AM,200,1,845.480000000,False,661274.590000000,False,2023-03-01,Amistad,False,60.760000000,31,27.273548387,21331.438387097,6.741086575,1,False,False
2023,3,AP,201,1,64027.907000000,False,9675.658000000,False,2023-03-01,Apaika,False,60.760000000,31,2065.416354839,312.118000000,11.067089932,1,True,False
2023,3,AU,202,1,2084452.830000000,False,277587.997000000,False,2023-03-01,Auca,False,60.760000000,31,67240.413870968,8954.451516129,14.550017427,1,False,False
2023,3,CU,203,1,609278.680000000,False,143411.388000000,False,2023-03-01,Cuyabeno,False,60.760000000,31,19654.150967742,4626.173806452,13.320032686,1,False,False
2023,3,EY,204,1,720411.733000000,False,152033.072000000,False,2023-03-01,Edén Yuturi,False,60.760000000,31,23239.088161290,4904.292645161,13.487579567,1,True,False
2023,3,IN,205,1,431208.090000000,False,103824.422000000,False,2023-03-01,Indillana,False,60.760000000,31,13909.938387097,3349.174903226,12.974348379,1,False,False
2023,3,ITT,206,1,1467529.490000000,False,65327.432000000,False,2023-03-01,Ishpingo-Tiputini-Tambococha,False,60.760000000,31,47339.660967742,2107.336516129,14.199091607,1,False,False
2023,3,LA,207,1,311176.660000000,False,206358.539000000,False,2023-03-01,Lago Agrio,False,60.760000000,31,10037.956774194,6656.727064516,12.648119282,1,False,False
2023,3,LI,208,1,320917.610000000,False,295802.723000000,False,2023-03-01,Libertador,False,60.760000000,31,10352.180967742,9542.023322581,12.678942819,1,False,False
2023,3,OY,209,1,605850.910000000,False,31052.070000000,False,2023-03-01,Oso Yuralpa,False,60.760000000,31,19543.577741935,1001.679677419,13.314390862,1,False,False
2023,3,PA,210,1,238215.560000000,False,276315.329000000,False,2023-03-01,Palo Azul,False,60.760000000,31,7684.372903226,8913.397709677,12.380935455,1,False,False
2023,3,SA,211,1,2127179.910000000,False,611409.657000000,False,2023-03-01,Sacha,False,60.760000000,31,68618.706774194,19722.892161290,14.570308145,1,False,False
2023,3,SH,212,1,1853751.020000000,False,515348.071000000,False,2023-03-01,Shushufindi,False,60.760000000,31,59798.420000000,16624.131322581,14.432722262,1,False,False
2023,4,AB16,213,1,260031.320000000,False,68715.000000000,False,2023-04-01,AB16 (sin catálogo),True,68.720000000,30,8667.710666667,2290.500000000,12.468561210,2,False,False
2023,4,AM,214,1,820.280000000,False,636753.240000000,False,2023-04-01,Amistad,False,68.720000000,30,27.342666667,21225.108000000,6.710864099,2,False,False
2023,4,AP,215,1,84983.532000000,False,13178.216000000,False,2023-04-01,Apaika,False,68.720000000,30,2832.784400000,439.273866667,11.350224542,2,False,False
2023,4,AU,216,1,2208100.020000000,False,289807.890000000,False,2023-04-01,Auca,False,68.720000000,30,73603.334000000,9660.263000000,14.607643437,2,False,False
2023,4,CU,217,1,616375.320000000,False,144804.823000000,False,2023-04-01,Cuyabeno,False,68.720000000,30,20545.844000000,4826.827433333,13.331612965,2,False,False
2023,4,EY,218,1,813055.486000000,False,166345.204000000,False,2023-04-01,Edén Yuturi,False,68.720000000,30,27101.849533333,5544.840133333,13.608555865,2,True,False
2023,4,IN,219,1,447374.570000000,False,109003.000000000,False,2023-04-01,Indillana,False,68.720000000,30,14912.485666667,3633.433333333,13.011153722,2,False,False
2023,4,ITT,220,1,1644007.212000000,False,72600.740000000,False,2023-04-01,Ishpingo-Tiputini-Tambococha,False,68.720000000,30,54800.240400000,2420.024666667,14.312647850,2,False,False
2023,4,LA,221,1,287061.140000000,False,198540.549000000,False,2023-04-01,Lago Agrio,False,68.720000000,30,9568.704666667,6618.018300000,12.567453987,2,False,False
2023,4,LI,222,1,323851.960000000,False,291071.955000000,False,2023-04-01,Libertador,False,68.720000000,30,10795.065333333,9702.398500000,12.688044865,2,False,False
2023,4,OY,223,1,585558.980000000,False,29553.311000000,False,2023-04-01,Oso Yuralpa,False,68.720000000,30,19518.632666667,985.110366667,13.280323899,2,False,False
2023,4,PA,224,1,231293.750000000,False,266079.855000000,False,2023-04-01,Palo Azul,False,68.720000000,30,7709.791666667,8869.328500000,12.351448150,2,False,False
2023,4,SA,225,1,2071101.880000000,False,587331.395000000,False,2023-04-01,Sacha,False,68.720000000,30,69036.729333333,19577.713166667,14.543591816,2,False,False
2023,4,SH,226,1,1893870.780000000,False,521451.367000000,False,2023-04-01,Shushufindi,False,68.720000000,30,63129.026000000,17381.712233333,14.454133852,2,False,False
2023,5,AB16,227,1,302183.560000000,False,78951.000000000,False,2023-05-01,AB16 (sin catálogo),True,61.370000000,31,9747.856774194,2546.806451613,12.618793236,2,False,False
2023,5,AM,228,1,838.340000000,False,654643.270000000,False,2023-05-01,Amistad,False,61.370000000,31,27.043225806,21117.524838710,6.732615869,2,False,False
2023,5,AP,229,1,98230.264000000,False,15177.525000000,False,2023-05-01,Apaika,False,61.370000000,31,3168.718193548,489.597580645,11.495079814,2,False,False
2023,5,AU,230,1,2219256.010000000,False,284558.273000000,False,2023-05-01,Auca,False,61.370000000,31,71588.903548387,9179.299129032,14.612683018,2,False,False
2023,5,CU,231,1,621652.720000000,False,148408.210000000,False,2023-05-01,Cuyabeno,False,61.370000000,31,20053.313548387,4787.361612903,13.340138496,2,False,False
2023,5,EY,232,1,919315.710000000,False,174716.825000000,False,2023-05-01,Edén Yuturi,False,61.370000000,31,29655.345483871,5636.026612903,13.731385967,2,False,False
2023,5,IN,233,1,458577.070000000,False,109873.720000000,False,2023-05-01,Indillana,False,61.370000000,31,14792.808709677,3544.313548387,13.035885829,2,False,False
2023,5,ITT,234,1,1713102.866000000,False,78156.718000000,False,2023-05-01,Ishpingo-Tiputini-Tambococha,False,61.370000000,31,55261.382774194,2521.184451613,14.353817409,2,False,False
2023,5,LA,235,1,316006.570000000,False,218976.039000000,False,2023-05-01,Lago Agrio,False,61.370000000,31,10193.760322581,7063.743193548,12.663521448,2,False,False
2023,5,LI,236,1,351512.990000000,False,329481.844000000,False,2023-05-01,Libertador,False,61.370000000,31,11339.128709677,10628.446580645,12.770004790,2,False,False
2023,5,OY,237,1,585243.090000000,False,30329.074000000,False,2023-05-01,Oso Yuralpa,False,61.370000000,31,18878.809354839,978.357225806,13.279784287,2,False,False
2023,5,PA,238,1,239925.920000000,False,283314.073000000,False,2023-05-01,Palo Azul,False,61.370000000,31,7739.545806452,9139.163645161,12.388089656,2,False,False
2023,5,SA,239,1,2181052.210000000,False,623653.789000000,False,2023-05-01,Sacha,False,61.370000000,31,70356.522903226,20117.864161290,14.595318442,2,False,False
2023,5,SH,240,1,1919277.320000000,False,530935.153000000,False,2023-05-01,Shushufindi,False,61.370000000,31,61912.171612903,17126.940419355,14.467459798,2,False,False
2023,6,AB16,241,1,294922.600000000,False,79065.000000000,False,2023-06-01,AB16 (sin catálogo),True,58.080000000,30,9830.753333333,2635.500000000,12.594471619,2,False,False
2023,6,AM,242,1,811.610000000,False,630122.370000000,False,2023-06-01,Amistad,False,58.080000000,30,27.053666667,21004.079000000,6.700251290,2,False,False
2023,6,AP,243,1,96237.159000000,False,15312.256000000,False,2023-06-01,Apaika,False,58.080000000,30,3207.905300000,510.408533333,11.474581221,2,False,False
2023,6,AU,244,1,2119154.860000000,False,278586.886000000,False,2023-06-01,Auca,False,58.080000000,30,70638.495333333,9286.229533333,14.566528388,2,False,False
2023,6,CU,245,1,595408.170000000,False,145230.260000000,False,2023-06-01,Cuyabeno,False,58.080000000,30,19846.939000000,4841.008666667,13.297004129,2,False,False
2023,6,EY,246,1,905925.420000000,False,182386.474000000,False,2023-06-01,Edén Yuturi,False,58.080000000,30,30197.514000000,6079.549133333,13.716713368,2,False,False
2023,6,IN,247,1,425865.370000000,False,103384.166000000,False,2023-06-01,Indillana,False,58.080000000,30,14195.512333333,3446.138866667,12.961880891,2,False,False
2023,6,ITT,248,1,1685794.001000000,False,79513.143000000,False,2023-06-01,Ishpingo-Tiputini-Tambococha,False,58.080000000,30,56193.133366667,2650.438100000,14.337747821,2,False,False
2023,6,LA,249,1,306682.680000000,False,219740.948000000,False,2023-06-01,Lago Agrio,False,58.080000000,30,10222.756000000,7324.698266667,12.633572137,2,False,False
2023,6,LI,250,1,343225.780000000,False,321233.522000000,False,2023-06-01,Libertador,False,58.080000000,30,11440.859333333,10707.784066667,12.746146674,2,False,False
2023,6,OY,251,1,557085.220000000,False,29237.552000000,False,2023-06-01,Oso Yuralpa,False,58.080000000,30,18569.507333333,974.585066667,13.230475300,2,False,False
2023,6,PA,252,1,236377.040000000,False,287675.477000000,False,2023-06-01,Palo Azul,False,58.080000000,30,7879.234666667,9589.182566667,12.373187667,2,False,False
2023,6,SA,253,1,2150288.190000000,False,627363.454000000,False,2023-06-01,Sacha,False,58.080000000,30,71676.273000000,20912.115133333,14.581112898,2,False,False
2023,6,SH,254,1,1861632.710000000,False,535386.720000000,False,2023-06-01,Shushufindi,False,58.080000000,30,62054.423666667,17846.224000000,14.436964999,2,False,False
2023,7,AB16,255,1,314547.520000000,False,84751.000000000,False,2023-07-01,AB16 (sin catálogo),True,65.580000000,31,10146.694193548,2733.903225806,12.658893620,3,False,False
2023,7,AM,256,1,853.130000000,False,650926.920000000,False,2023-07-01,Amistad,False,65.580000000,31,27.520322581,20997.642580645,6.750083407,3,False,False
2023,7,AP,257,1,101346.225000000,False,14833.995000000,False,2023-07-01,Apaika,False,65.580000000,31,3269.233064516,478.515967742,11.526307771,3,False,False
2023,7,AU,258,1,2275692.010000000,False,303806.980000000,False,2023-07-01,Auca,False,65.580000000,31,73409.419677419,9800.225161290,14.637795184,3,False,False
2023,7,CU,259,1,610102.190000000,False,146561.310000000,False,2023-07-01,Cuyabeno,False,65.580000000,31,19680.715806452,4727.784193548,13.321383386,3,False,False
2023,7,EY,260,1,963686.644000000,False,188476.155000000,False,2023-07-01,Edén Yuturi,False,65.580000000,31,31086.665935484,6079.875967742,13.778522500,3,False,False
2023,7,IN,261,1,432102.800000000,False,109623.924000000,False,2023-07-01,Indillana,False,65.580000000,31,13938.800000000,3536.255612903,12.976421116,3,False,False
2023,7,ITT,262,1,1770745.141000000,False,88481.258000000,False,2023-07-01,Ishpingo-Tiputini-Tambococha,False,65.580000000,31,57120.811000000,2854.234129032,14.386911564,3,False,False
2023,7,LA,263,1,319621.430000000,False,227827.111000000,False,2023-07-01,Lago Agrio,False,65.580000000,31,10310.368709677,7349.261645161,12.674895672,3,False,False
2023,7,LI,264,1,345974.200000000,False,343928.176000000,False,2023-07-01,Libertador,False,65.580000000,31,11160.458064516,11094.457290323,12.754122375,3,False,False
2023,7,OY,265,1,578364.840000000,False,29975.941000000,False,2023-07-01,Oso Yuralpa,False,65.580000000,31,18656.930322581,966.965838710,13.267961889,3,False,False
2023,7,PA,266,1,259432.060000000,False,299078.111000000,False,2023-07-01,Palo Azul,False,65.580000000,31,8368.776129032,9647.681000000,12.466253991,3,False,False
2023,7,SA,267,1,2224549.770000000,False,654093.348000000,False,2023-07-01,Sacha,False,65.580000000,31,71759.670000000,21099.785419355,14.615065552,3,False,False
2023,7,SH,268,1,1887884.220000000,False,559231.494000000,False,2023-07-01,Shushufindi,False,65.580000000,31,60899.490967742,18039.725612903,14.450967829,3,False,False
2023,8,AB16,269,1,311827.190000000,False,85791.000000000,False,2023-08-01,AB16 (sin catálogo),True,74.650000000,31,10058.941612903,2767.451612903,12.650207642,3,False,False
2023,8,AM,270,1,1055.200000000,False,649518.480000000,False,2023-08-01,Amistad,False,74.650000000,31,34.038709677,20952.209032258,6.962432840,3,False,False
2023,8,AP,271,1,101650.197000000,False,14886.488000000,False,2023-08-01,Apaika,False,74.650000000,31,3279.038612903,480.209290323,11.529302595,3,False,False
2023,8,AU,272,1,2392802.040000000,False,321465.930000000,False,2023-08-01,Auca,False,74.650000000,31,77187.162580645,10369.868709677,14.687976057,3,False,False
2023,8,CU,273,1,591624.160000000,False,144339.229000000,False,2023-08-01,Cuyabeno,False,74.650000000,31,19084.650322581,4656.104161290,13.290628538,3,False,False
2023,8,EY,274,1,972764.760000000,False,191945.682000000,False,2023-08-01,Edén Yuturi,False,74.650000000,31,31379.508387097,6191.796193548,13.787898592,3,False,False
2023,8,IN,275,1,414999.050000000,False,102148.333000000,False,2023-08-01,Indillana,False,74.650000000,31,13387.066129032,3295.107516129,12.936033920,3,False,False
2023,8,ITT,276,1,1775683.203000000,False,88386.135000000,False,2023-08-01,Ishpingo-Tiputini-Tambococha,False,74.650000000,31,57280.103322581,2851.165645161,14.389696373,3,False,False
2023,8,LA,277,1,324161.800000000,False,234112.878000000,False,2023-08-01,Lago Agrio,False,74.650000000,31,10456.832258065,7552.028322581,12.689001138,3,False,False
2023,8,LI,278,1,335525.660000000,False,348026.245000000,False,2023-08-01,Libertador,False,74.650000000,31,10823.408387097,11226.653064516,12.723456696,3,False,False
2023,8,OY,279,1,570387.840000000,False,29084.640000000,False,2023-08-01,Oso Yuralpa,False,74.650000000,31,18399.607741935,938.214193548,13.254073583,3,False,False
2023,8,PA,280,1,282779.730000000,False,293648.788000000,False,2023-08-01,Palo Azul,False,74.650000000,31,9121.926774194,9472.541548387,12.552427071,3,False,False
2023,8,SA,281,1,2251137.990000000,False,668912.442000000,False,2023-08-01,Sacha,False,74.650000000,31,72617.354516129,21577.820709677,14.626946864,3,False,False
2023,8,SH,282,1,1857544.070000000,False,563289.360000000,False,2023-08-01,Shushufindi,False,74.650000000,31,59920.776451613,18170.624516129,14.434766319,3,False,False
2023,9,AB16,283,1,295451.050000000,False,83103.380000000,False,2023-09-01,AB16 (sin catálogo),True,82.730000000,30,9848.368333333,2770.112666667,12.596261835,3,False,False
2023,9,AM,284,1,1109.800000000,False,626714.020000000,False,2023-09-01,Amistad,False,82.730000000,30,36.993333333,20890.467333333,7.012835755,3,False,False
2023,9,AP,285,1,96288.209000000,False,14060.405000000,False,2023-09-01,Apaika,False,82.730000000,30,3209.606966667,468.680166667,11.475111535,3,False,False
2023,9,AU,286,1,2366602.960000000,False,317565.271000000,False,2023-09-01,Auca,False,82.730000000,30,78886.765333333,10585.509033333,14.676966557,3,False,False
2023,9,CU,287,1,565905.510000000,False,141339.217000000,False,2023-09-01,Cuyabeno,False,82.730000000,30,18863.517000000,4711.307233333,13.246184167,3,False,False
2023,9,EY,288,1,941272.803000000,False,187952.755000000,False,2023-09-01,Edén Yuturi,False,82.730000000,30,31375.760100000,6265.091833333,13.754989346,3,False,False
2023,9,IN,289,1,398027.360000000,False,92077.500000000,False,2023-09-01,Indillana,False,82.730000000,30,13267.578666667,3069.250000000,12.894278538,3,False,False
2023,9,ITT,290,1,1722398.788000000,False,85399.932000000,False,2023-09-01,Ishpingo-Tiputini-Tambococha,False,82.730000000,30,57413.292933333,2846.664400000,14.359229102,3,False,False
2023,9,LA,291,1,319515.880000000,False,230301.935000000,False,2023-09-01,Lago Agrio,False,82.730000000,30,10650.529333333,7676.731166667,12.674565384,3,False,False
2023,9,LI,292,1,324118.140000000,False,283998.715000000,False,2023-09-01,Libertador,False,82.730000000,30,10803.938000000,9466.623833333,12.688866443,3,False,False
2023,9,OY,293,1,562794.860000000,False,28961.256000000,False,2023-09-01,Oso Yuralpa,False,82.730000000,30,18759.828666667,965.375200000,13.240672248,3,False,False
2023,9,PA,294,1,272787.950000000,False,285431.700000000,False,2023-09-01,Palo Azul,False,82.730000000,30,9092.931666667,9514.390000000,12.516453698,3,False,False
2023,9,SA,295,1,2183825.010000000,False,661211.006000000,False,2023-09-01,Sacha,False,82.730000000,30,72794.167000000,22040.366866667,14.596588947,3,False,False
2023,9,SH,296,1,1770302.950000000,False,535388.839000000,False,2023-09-01,Shushufindi,False,82.730000000,30,59010.098333333,17846.294633333,14.386661813,3,False,False
2023,10,AB16,297,1,292691.020000000,False,84212.830000000,False,2023-10-01,AB16 (sin catálogo),True,78.290000000,31,9441.645806452,2716.542903226,12.586876209,4,False,False
2023,10,AM,298,1,1089.800000000,False,642620.600000000,False,2023-10-01,Amistad,False,78.290000000,31,35.154838710,20729.696774194,6.994666651,4,False,False
2023,10,AP,299,1,99030.481000000,False,13865.657000000,False,2023-10-01,Apaika,False,78.290000000,31,3194.531645161,447.279258065,11.503193068,4,False,False
2023,10,AU,300,1,2358181.230000000,False,321235.576000000,False,2023-10-01,Auca,False,78.290000000,31,76070.362258065,10362.437935484,14.673401639,4,False,False
2023,10,AV,301,1,814.810000000,False,0.000000000,False,2023-10-01,Amazonia Viva,False,78.290000000,31,26.284193548,0.000000000,6.704181485,4,False,False
2023,10,CU,302,1,569355.640000000,False,140516.242000000,False,2023-10-01,Cuyabeno,False,78.290000000,31,18366.310967742,4532.782000000,13.252262301,4,False,False
2023,10,EY,303,1,985369.030000000,False,189806.453000000,False,2023-10-01,Edén Yuturi,False,78.290000000,31,31786.097741935,6122.788806452,13.800772515,4,False,False
2023,10,IN,304,1,422515.330000000,False,104918.000000000,False,2023-10-01,Indillana,False,78.290000000,31,13629.526774194,3384.451612903,12.953983376,4,False,False
2023,10,ITT,305,1,1783257.469000000,False,89484.881000000,False,2023-10-01,Ishpingo-Tiputini-Tambococha,False,78.290000000,31,57524.434483871,2886.609064516,14.393952849,4,False,False
2023,10,LA,306,1,324252.350000000,False,235848.163000000,False,2023-10-01,Lago Agrio,False,78.290000000,31,10459.753225806,7608.005258065,12.689280434,4,False,False
2023,10,LI,307,1,329781.180000000,False,251920.830000000,False,2023-10-01,Libertador,False,78.290000000,31,10638.102580645,8126.478387097,12.706187655,4,False,False
2023,10,OY,308,1,579642.190000000,False,29926.240000000,False,2023-10-01,Oso Yuralpa,False,78.290000000,31,18698.135161290,965.362580645,13.270168004,4,False,False
2023,10,PA,309,1,284936.560000000,False,296170.369000000,False,2023-10-01,Palo Azul,False,78.290000000,31,9191.501935484,9553.882870968,12.560025348,4,False,False
2023,10,SA,310,1,2323341.880000000,False,719692.379000000,False,2023-10-01,Sacha,False,78.290000000,31,74946.512258065,23215.883193548,14.658517603,4,False,False
2023,10,SH,311,1,1859158.760000000,False,539720.803000000,False,2023-10-01,Shushufindi,False,78.290000000,31,59972.863225806,17410.348483871,14.435635202,4,False,False
2023,11,AB16,312,1,305086.530000000,False,82714.230000000,False,2023-11-01,AB16 (sin catálogo),True,71.400000000,30,10169.551000000,2757.141000000,12.628353998,4,False,False
2023,11,AM,313,1,970.890000000,False,613134.910000000,False,2023-11-01,Amistad,False,71.400000000,30,32.363000000,20437.830333333,6.879242629,4,False,False
2023,11,AP,314,1,97620.074000000,False,14033.610000000,False,2023-11-01,Apaika,False,71.400000000,30,3254.002466667,467.787000000,11.488848671,4,False,False
2023,11,AU,315,1,2346038.910000000,False,316723.653000000,False,2023-11-01,Auca,False,71.400000000,30,78201.297000000,10557.455100000,14.668239320,4,False,False
2023,11,CU,316,1,570552.590000000,False,135361.500000000,False,2023-11-01,Cuyabeno,False,71.400000000,30,19018.419666667,4512.050000000,13.254362379,4,False,False
2023,11,EY,317,1,964862.615000000,False,189768.030000000,False,2023-11-01,Edén Yuturi,False,71.400000000,30,32162.087166667,6325.601000000,13.779742039,4,False,False
2023,11,IN,318,1,417085.400000000,False,101694.000000000,False,2023-11-01,Indillana,False,71.400000000,30,13902.846666667,3389.800000000,12.941048674,4,False,False
2023,11,ITT,319,1,1690860.581000000,False,82532.541000000,False,2023-11-01,Ishpingo-Tiputini-Tambococha,False,71.400000000,30,56362.019366667,2751.084700000,14.340748768,4,False,False
2023,11,LA,320,1,313384.030000000,False,227814.554000000,False,2023-11-01,Lago Agrio,False,71.400000000,30,10446.134333333,7593.818466667,12.655187841,4,False,False
2023,11,LI,321,1,320246.850000000,False,253488.738000000,False,2023-11-01,Libertador,False,71.400000000,30,10674.895000000,8449.624600000,12.676850506,4,False,False
2023,11,OY,322,1,558748.180000000,False,29356.655000000,False,2023-11-01,Oso Yuralpa,False,71.400000000,30,18624.939333333,978.555166667,13.233455957,4,False,False
2023,11,PA,323,1,283642.460000000,False,296651.030000000,False,2023-11-01,Palo Azul,False,71.400000000,30,9454.748666667,9888.367666667,12.555473306,4,False,False
2023,11,SA,324,1,2317620.540000000,False,709861.664000000,False,2023-11-01,Sacha,False,71.400000000,30,77254.018000000,23662.055466667,14.656052019,4,False,False
2023,11,SH,325,1,1795828.010000000,False,508464.519000000,False,2023-11-01,Shushufindi,False,71.400000000,30,59860.933666667,16948.817300000,14.400977317,4,False,False
2023,12,AB16,326,1,329658.800000000,False,88560.740000000,False,2023-12-01,AB16 (sin catálogo),True,64.250000000,31,10634.154838710,2856.798064516,12.705816493,4,False,False
2023,12,AM,327,1,1038.545000000,False,639216.730000000,False,2023-12-01,Amistad,False,64.250000000,31,33.501451613,20619.894516129,6.946538396,4,False,False
2023,12,AP,328,1,100581.536000000,False,13846.485000000,False,2023-12-01,Apaika,False,64.250000000,31,3244.565677419,446.660806452,11.518733923,4,False,False
2023,12,AU,329,1,2381199.400000000,False,320643.895000000,False,2023-12-01,Auca,False,64.250000000,31,76812.883870968,10343.351451613,14.683115288,4,False,False
2023,12,CU,330,1,611158.770000000,False,143956.939000000,False,2023-12-01,Cuyabeno,False,64.250000000,31,19714.799032258,4643.772225806,13.323113693,4,False,False
2023,12,EY,331,1,998827.437000000,False,191732.875000000,False,2023-12-01,Edén Yuturi,False,64.250000000,31,32220.239903226,6184.931451613,13.814338308,4,False,False
2023,12,IN,332,1,441114.660000000,False,102179.608000000,False,2023-12-01,Indillana,False,64.250000000,31,14229.505161290,3296.116387097,12.997062388,4,False,False
2023,12,ITT,333,1,1664583.877000000,False,83391.295000000,False,2023-12-01,Ishpingo-Tiputini-Tambococha,False,64.250000000,31,53696.254096774,2690.041774194,14.325086327,4,False,False
2023,12,LA,334,1,334896.500000000,False,242922.430000000,False,2023-12-01,Lago Agrio,False,64.250000000,31,10803.112903226,7836.207419355,12.721579794,4,False,False
2023,12,LI,335,1,356049.640000000,False,277861.362000000,False,2023-12-01,Libertador,False,64.250000000,31,11485.472258065,8963.269741935,12.782828247,4,False,False
2023,12,OY,336,1,580422.820000000,False,30510.008000000,False,2023-12-01,Oso Yuralpa,False,64.250000000,31,18723.316774194,984.193806452,13.271513840,4,False,False
2023,12,PA,337,1,301347.490000000,False,310515.970000000,False,2023-12-01,Palo Azul,False,64.250000000,31,9720.886774194,10016.644193548,12.616022648,4,False,False
2023,12,SA,338,1,2354368.250000000,False,764827.763000000,False,2023-12-01,Sacha,False,64.250000000,31,75947.362903226,24671.863322581,14.671783415,4,False,False
2023,12,SH,339,1,1871593.360000000,False,521203.580000000,False,2023-12-01,Shushufindi,False,64.250000000,31,60373.979354839,16813.018709677,14.442301225,4,False,False
2024,1,AB16,340,1,333678.940000000,False,88005.420000000,False,2024-01-01,AB16 (sin catálogo),True,65.340000000,31,10763.836774194,2838.884516129,12.717937549,1,False,False
2024,1,AM,341,1,1019.870000000,False,643286.830000000,False,2024-01-01,Amistad,False,65.340000000,31,32.899032258,20751.188064516,6.928410484,1,False,False
2024,1,AP,342,1,100837.787000000,False,14514.944000000,False,2024-01-01,Apaika,False,65.340000000,31,3252.831838710,468.224000000,11.521278352,1,False,False
2024,1,AU,343,1,2424969.630000000,False,323302.041000000,False,2024-01-01,Auca,False,65.340000000,31,78224.826774194,10429.098096774,14.701329971,1,False,False
2024,1,CU,344,1,614264.930000000,False,144142.867000000,False,2024-01-01,Cuyabeno,False,65.340000000,31,19814.997741935,4649.769903226,13.328183224,1,False,False
2024,1,EY,345,1,988168.093000000,False,198961.276000000,False,2024-01-01,Edén Yuturi,False,65.340000000,31,31876.390096774,6418.105677419,13.803609109,1,False,False
2024,1,IN,346,1,427526.910000000,False,101387.375000000,False,2024-01-01,Indillana,False,65.340000000,31,13791.190645161,3270.560483871,12.965774852,1,False,False
2024,1,ITT,347,1,1715581.200000000,False,85834.085000000,False,2024-01-01,Ishpingo-Tiputini-Tambococha,False,65.340000000,31,55341.329032258,2768.841451613,14.355263056,1,False,False
2024,1,LA,348,1,338016.150000000,False,242053.916000000,False,2024-01-01,Lago Agrio,False,65.340000000,31,10903.746774194,7808.190838710,12.730851913,1,False,False
2024,1,LI,349,1,348289.000000000,False,277985.387000000,False,2024-01-01,Libertador,False,65.340000000,31,11235.129032258,8967.270548387,12.760790745,1,False,False
2024,1,OY,350,1,579414.500000000,False,30433.188000000,False,2024-01-01,Oso Yuralpa,False,65.340000000,31,18690.790322581,981.715741935,13.269775116,1,False,False
2024,1,PA,351,1,299921.090000000,False,314925.654000000,False,2024-01-01,Palo Azul,False,65.340000000,31,9674.873870968,10158.892064516,12.611278020,1,False,False
2024,1,SA,352,1,2456958.670000000,False,758497.672000000,False,2024-01-01,Sacha,False,65.340000000,31,79256.731290323,24467.666838710,14.714435237,1,False,False
2024,1,SH,353,1,1814730.250000000,False,500002.560000000,False,2024-01-01,Shushufindi,False,65.340000000,31,58539.685483871,16129.114838710,14.411447943,1,False,False
2024,2,AB16,354,1,327675.030000000,False,86116.820000000,False,2024-02-01,AB16 (sin catálogo),True,69.970000000,29,11299.138965517,2969.545517241,12.699780686,1,False,False
2024,2,AM,355,1,985.390000000,False,601596.620000000,False,2024-02-01,Amistad,False,69.970000000,29,33.978965517,20744.711034483,6.894051814,1,False,False
2024,2,AP,356,1,88009.863000000,False,12421.123000000,False,2024-02-01,Apaika,False,69.970000000,29,3034.822862069,428.314586207,11.385215529,1,False,False
2024,2,AU,357,1,2253577.520000000,False,300072.502000000,False,2024-02-01,Auca,False,69.970000000,29,77709.569655172,10347.327655172,14.628029964,1,False,False
2024,2,CU,358,1,580927.100000000,False,136681.788000000,False,2024-02-01,Cuyabeno,False,69.970000000,29,20031.968965517,4713.165103448,13.272382276,1,False,False
2024,2,EY,359,1,890921.625000000,False,188080.257000000,False,2024-02-01,Edén Yuturi,False,69.970000000,29,30721.435344828,6485.526103448,13.700012862,1,False,False
2024,2,IN,360,1,395014.290000000,False,88809.271000000,False,2024-02-01,Indillana,False,69.970000000,29,13621.182413793,3062.388655172,12.886679752,1,False,False
2024,2,ITT,361,1,1592271.252000000,False,80823.250000000,False,2024-02-01,Ishpingo-Tiputini-Tambococha,False,69.970000000,29,54905.905241379,2787.008620690,14.280672643,1,False,False
2024,2,LA,362,1,312445.950000000,False,226986.998000000,False,2024-02-01,Lago Agrio,False,69.970000000,29,10773.998275862,7827.137862069,12.652189974,1,False,False
2024,2,LI,363,1,295138.820000000,False,223145.989000000,False,2024-02-01,Libertador,False,69.970000000,29,10177.200689655,7694.689275862,12.595204489,1,False,False
2024,2,OY,364,1,521867.250000000,False,27299.812000000,False,2024-02-01,Oso Yuralpa,False,69.970000000,29,17995.422413793,941.372827586,13.165170440,1,False,False
2024,2,PA,365,1,271598.870000000,False,292881.763000000,False,2024-02-01,Palo Azul,False,69.970000000,29,9365.478275862,10099.371137931,12.512085196,1,False,False
2024,2,SA,366,1,2258634.550000000,False,713696.381000000,False,2024-02-01,Sacha,False,69.970000000,29,77883.950000000,24610.220034483,14.630271450,1,False,False
2024,2,SH,367,1,1683588.130000000,False,463411.655000000,False,2024-02-01,Shushufindi,False,69.970000000,29,58054.763103448,15979.712241379,14.336438459,1,False,False
2024,3,AB16,368,1,357530.000000000,False,95321.950000000,False,2024-03-01,AB16 (sin catálogo),True,73.570000000,31,11533.225806452,3074.901612903,12.786977351,1,False,False
2024,3,AM,369,1,1132.740000000,False,642001.190000000,False,2024-03-01,Amistad,False,73.570000000,31,36.540000000,20709.715806452,7.033277181,1,False,False
2024,3,AP,370,1,85931.205000000,False,11786.449000000,False,2024-03-01,Apaika,False,73.570000000,31,2771.974354839,380.208032258,11.361313950,1,False,False
2024,3,AU,371,1,2381581.180000000,False,314342.502000000,False,2024-03-01,Auca,False,73.570000000,31,76825.199354839,10140.080709677,14.683275606,1,False,False
2024,3,CU,372,1,624685.440000000,False,169920.487000000,False,2024-03-01,Cuyabeno,False,73.570000000,31,20151.143225806,5481.306032258,13.345005107,1,False,True
2024,3,EY,373,1,948466.556000000,False,195019.361000000,False,2024-03-01,Edén Yuturi,False,73.570000000,31,30595.695354839,6290.947129032,13.762602862,1,False,False
2024,3,IN,374,1,420090.130000000,False,94140.708000000,False,2024-03-01,Indillana,False,73.570000000,31,13551.294516129,3036.797032258,12.948226943,1,False,False
2024,3,ITT,375,1,1645697.819000000,False,83391.998000000,False,2024-03-01,Ishpingo-Tiputini-Tambococha,False,73.570000000,31,53087.026419355,2690.064451613,14.313675666,1,False,False
2024,3,LA,376,1,322643.050000000,False,227622.710000000,False,2024-03-01,Lago Agrio,False,73.570000000,31,10407.840322581,7342.668064516,12.684304982,1,False,False
2024,3,LI,377,1,320683.590000000,False,236718.662000000,False,2024-03-01,Libertador,False,73.570000000,31,10344.631935484,7636.085870968,12.678213333,1,False,False
2024,3,OY,378,1,575340.300000000,False,30702.743000000,False,2024-03-01,Oso Yuralpa,False,73.570000000,31,18559.364516129,990.411064516,13.262718709,1,False,False
2024,3,PA,379,1,265448.390000000,False,303411.372000000,False,2024-03-01,Palo Azul,False,73.570000000,31,8562.851290323,9787.463612903,12.489179480,1,False,False
2024,3,SA,380,1,2414653.960000000,False,755535.136000000,False,2024-03-01,Sacha,False,73.570000000,31,77892.063225806,24372.101161290,14.697066961,1,False,False
2024,3,SH,381,1,1779514.670000000,False,486501.057000000,False,2024-03-01,Shushufindi,False,73.570000000,31,57403.699032258,15693.582483871,14.391851790,1,False,False
2024,4,AB16,382,1,315302.000000000,False,84040.550000000,False,2024-04-01,AB16 (sin catálogo),True,77.620000000,30,10510.066666667,2801.351666667,12.661289360,2,False,False
2024,4,AM,383,1,1109.070000000,False,615823.420000000,False,2024-04-01,Amistad,False,77.620000000,30,36.969000000,20527.447333333,7.012178355,2,False,False
2024,4,AP,384,1,101627.997000000,False,13909.594000000,False,2024-04-01,Apaika,False,77.620000000,30,3387.599900000,463.653133333,11.529084177,2,False,False
2024,4,AU,385,1,2260291.530000000,False,297166.890000000,False,2024-04-01,Auca,False,77.620000000,30,75343.051000000,9905.563000000,14.631004801,2,False,False
2024,4,CU,386,1,594775.620000000,False,154664.287000000,False,2024-04-01,Cuyabeno,False,77.620000000,30,19825.854000000,5155.476233333,13.295941185,2,False,False
2024,4,EY,387,1,941416.219000000,False,192700.446000000,False,2024-04-01,Edén Yuturi,False,77.620000000,30,31380.540633333,6423.348200000,13.755141699,2,False,False
2024,4,IN,388,1,393894.030000000,False,91826.333000000,False,2024-04-01,Indillana,False,77.620000000,30,13129.801000000,3060.877766667,12.883839731,2,False,False
2024,4,ITT,389,1,1572691.414000000,False,78063.488000000,False,2024-04-01,Ishpingo-Tiputini-Tambococha,False,77.620000000,30,52423.047133333,2602.116266667,14.268299622,2,False,False
2024,4,LA,390,1,314209.490000000,False,214621.012000000,False,2024-04-01,Lago Agrio,False,77.620000000,30,10473.649666667,7154.033733333,12.657818391,2,False,False
2024,4,LI,391,1,307439.280000000,False,237486.300000000,False,2024-04-01,Libertador,False,77.620000000,30,10247.976000000,7916.210000000,12.636036136,2,False,False
2024,4,OY,392,1,556160.070000000,False,30081.672000000,False,2024-04-01,Oso Yuralpa,False,77.620000000,30,18538.669000000,1002.722400000,13.228813226,2,False,False
2024,4,PA,393,1,248652.490000000,False,286851.287000000,False,2024-04-01,Palo Azul,False,77.620000000,30,8288.416333333,9561.709566667,12.423815600,2,False,False
2024,4,SA,394,1,2359290.570000000,False,745964.803000000,False,2024-04-01,Sacha,False,77.620000000,30,78643.019000000,24865.493433333,14.673871950,2,False,False
2024,4,SH,395,1,1734683.830000000,False,475949.144000000,False,2024-04-01,Shushufindi,False,77.620000000,30,57822.794333333,15864.971466667,14.366336301,2,False,False
2024,5,AB16,396,1,333381.910000000,False,88733.520000000,False,2024-05-01,AB16 (sin catálogo),True,71.850000000,31,10754.255161290,2862.371612903,12.717046988,2,False,False
2024,5,AM,397,1,1062.160000000,False,632752.710000000,False,2024-05-01,Amistad,False,71.850000000,31,34.263225806,20411.377741935,6.969000884,2,False,False
2024,5,AP,398,1,111669.277000000,False,14834.484000000,False,2024-05-01,Apaika,False,71.850000000,31,3602.234741935,478.531741935,11.623305853,2,False,False
2024,5,AU,399,1,2293874.630000000,False,303449.888000000,False,2024-05-01,Auca,False,71.850000000,31,73995.955806452,9788.706064516,14.645753360,2,False,False
2024,5,CU,400,1,598115.900000000,False,157658.461000000,False,2024-05-01,Cuyabeno,False,71.850000000,31,19294.061290323,5085.756806452,13.301541499,2,False,False
2024,5,EY,401,1,973504.623000000,False,194860.346000000,False,2024-05-01,Edén Yuturi,False,71.850000000,31,31403.374935484,6285.817612903,13.788658880,2,False,False
2024,5,IN,402,1,423909.820000000,False,94317.006000000,False,2024-05-01,Indillana,False,71.850000000,31,13674.510322581,3042.484064516,12.957278382,2,False,False
2024,5,ITT,403,1,1622175.850000000,False,80593.309000000,False,2024-05-01,Ishpingo-Tiputini-Tambococha,False,71.850000000,31,52328.253225806,2599.784161290,14.299279540,2,False,False
2024,5,LA,404,1,336218.100000000,False,227826.407000000,False,2024-05-01,Lago Agrio,False,71.850000000,31,10845.745161290,7349.238935484,12.725518310,2,False,False
2024,5,LI,405,1,315259.540000000,False,244415.908000000,False,2024-05-01,Libertador,False,71.850000000,31,10169.662580645,7884.384129032,12.661154687,2,False,False
2024,5,OY,406,1,545934.640000000,False,29167.290000000,False,2024-05-01,Oso Yuralpa,False,71.850000000,31,17610.794838710,940.880322581,13.210256372,2,False,False
2024,5,PA,407,1,262061.160000000,False,293657.872000000,False,2024-05-01,Palo Azul,False,71.850000000,31,8453.585806452,9472.834580645,12.476337007,2,False,False
2024,5,SA,408,1,2442477.870000000,False,797375.832000000,False,2024-05-01,Sacha,False,71.850000000,31,78789.608709677,25721.801032258,14.708524012,2,False,False
2024,5,SH,409,1,1836060.560000000,False,500443.959000000,False,2024-05-01,Shushufindi,False,71.850000000,31,59227.760000000,16143.353516129,14.423133379,2,False,False
2024,6,AB16,410,1,304661.060000000,False,74024.800000000,False,2024-06-01,AB16 (sin catálogo),True,72.140000000,30,10155.368666667,2467.493333333,12.626958441,2,False,False
2024,6,AM,411,1,1000.750000000,False,614430.060000000,False,2024-06-01,Amistad,False,72.140000000,30,33.358333333,20481.002000000,6.909503750,2,False,False
2024,6,AP,412,1,86903.491000000,False,11326.859000000,False,2024-06-01,Apaika,False,72.140000000,30,2896.783033333,377.561966667,11.372564990,2,False,False
2024,6,AU,413,1,2187970.620000000,False,285377.338000000,False,2024-06-01,Auca,False,72.140000000,30,72932.354000000,9512.577933333,14.598485472,2,False,False
2024,6,CU,414,1,574778.350000000,False,148499.074000000,False,2024-06-01,Cuyabeno,False,72.140000000,30,19159.278333333,4949.969133333,13.261741507,2,False,False
2024,6,EY,415,1,666399.627000000,False,129491.551000000,False,2024-06-01,Edén Yuturi,False,72.140000000,30,22213.320900000,4316.385033333,13.409646311,2,True,False
2024,6,IN,416,1,331847.410000000,False,70492.668000000,False,2024-06-01,Indillana,False,72.140000000,30,11061.580333333,2349.755600000,12.712433547,2,False,False
2024,6,ITT,417,1,1034290.272000000,False,54124.555000000,False,2024-06-01,Ishpingo-Tiputini-Tambococha,False,72.140000000,30,34476.342400000,1804.151833333,13.849226989,2,False,False
2024,6,LA,418,1,324971.700000000,False,217237.028000000,False,2024-06-01,Lago Agrio,False,72.140000000,30,10832.390000000,7241.234266667,12.691496458,2,False,False
2024,6,LI,419,1,302045.140000000,False,230992.656000000,False,2024-06-01,Libertador,False,72.140000000,30,10068.171333333,7699.755200000,12.618335066,2,False,False
2024,6,OY,420,1,528757.480000000,False,28434.783000000,False,2024-06-01,Oso Yuralpa,False,72.140000000,30,17625.249333333,947.826100000,13.178287047,2,False,False
2024,6,PA,421,1,238653.730000000,False,285349.806000000,False,2024-06-01,Palo Azul,False,72.140000000,30,7955.124333333,9511.660200000,12.382773142,2,False,False
2024,6,SA,422,1,2413752.130000000,False,793453.478000000,False,2024-06-01,Sacha,False,72.140000000,30,80458.404333333,26448.449266667,14.696693409,2,False,False
2024,7,AB16,423,1,312435.190000000,False,82792.450000000,False,2024-07-01,AB16 (sin catálogo),True,74.510000000,31,10078.554516129,2670.724193548,12.652155535,3,False,False
2024,7,AM,424,1,1080.600000000,False,660815.000000000,False,2024-07-01,Amistad,False,74.510000000,31,34.858064516,21316.612903226,6.986196705,3,False,False
2024,7,AP,425,1,105349.702000000,False,11898.457000000,False,2024-07-01,Apaika,False,74.510000000,31,3398.377483871,383.821193548,11.565050083,3,False,False
2024,7,AU,426,1,2202917.230000000,False,286298.598000000,False,2024-07-01,Auca,False,74.510000000,31,71061.846129032,9235.438645161,14.605293508,3,False,False
2024,7,CU,427,1,595478.690000000,False,153737.850000000,False,2024-07-01,Cuyabeno,False,74.510000000,31,19208.990000000,4959.285483871,13.297122561,3,False,False
2024,7,EY,428,1,880609.862000000,False,146262.513000000,False,2024-07-01,Edén Yuturi,False,74.510000000,31,28406.769741935,4718.145580645,13.688371107,3,False,False
2024,7,IN,429,1,394419.190000000,False,80288.636000000,False,2024-07-01,Indillana,False,74.510000000,31,12723.199677419,2589.956000000,12.885172092,3,False,False
2024,7,ITT,430,1,1423936.276000000,False,74739.054000000,False,2024-07-01,Ishpingo-Tiputini-Tambococha,False,74.510000000,31,45933.428258065,2410.937225806,14.168936322,3,False,False
2024,7,LA,431,1,339913.060000000,False,230613.354000000,False,2024-07-01,Lago Agrio,False,74.510000000,31,10964.937419355,7439.140451613,12.736448100,3,False,False
2024,7,LI,432,1,301830.670000000,False,231063.814000000,False,2024-07-01,Libertador,False,74.510000000,31,9736.473225806,7453.671419355,12.617624757,3,False,False
2024,7,OY,433,1,545973.810000000,False,29582.345000000,False,2024-07-01,Oso Yuralpa,False,74.510000000,31,17612.058387097,954.269193548,13.210328118,3,False,False
2024,7,PA,434,1,257462.010000000,False,282817.527000000,False,2024-07-01,Palo Azul,False,74.510000000,31,8305.226129032,9123.146032258,12.458631338,3,False,False
2024,7,SA,435,1,2398202.900000000,False,797372.932000000,False,2024-07-01,Sacha,False,74.510000000,31,77361.383870968,25721.707483871,14.690230640,3,False,False
2024,7,SH,436,1,1828195.430000000,False,516481.703000000,False,2024-07-01,Shushufindi,False,74.510000000,31,58974.046129032,16660.700096774,14.418840481,3,False,False
2024,8,AB16,437,1,329704.570000000,False,89160.900000000,False,2024-08-01,AB16 (sin catálogo),True,68.130000000,31,10635.631290323,2876.158064516,12.705955323,3,False,False
2024,8,AM,438,1,1067.250000000,False,646470.610000000,False,2024-08-01,Amistad,False,68.130000000,31,34.427419355,20853.890645161,6.973777075,3,False,False
2024,8,AP,439,1,112942.802000000,False,13647.133000000,False,2024-08-01,Apaika,False,68.130000000,31,3643.316193548,440.230096774,11.634645647,3,False,False
2024,8,AU,440,1,2215879.040000000,False,292010.291000000,False,2024-08-01,Auca,False,68.130000000,31,71479.969032258,9419.686806452,14.611160192,3,False,False
2024,8,CU,441,1,594856.550000000,False,150575.557000000,False,2024-08-01,Cuyabeno,False,68.130000000,31,19188.920967742,4857.276032258,13.296077244,3,False,False
2024,8,EY,442,1,982594.591000000,False,174726.237000000,False,2024-08-01,Edén Yuturi,False,68.130000000,31,31696.599709677,5636.330225806,13.797952912,3,False,False
2024,8,IN,443,1,401876.050000000,False,86649.000000000,False,2024-08-01,Indillana,False,68.130000000,31,12963.743548387,2795.129032258,12.903901475,3,False,False
2024,8,ITT,444,1,1545939.397000000,False,75988.612000000,False,2024-08-01,Ishpingo-Tiputini-Tambococha,False,68.130000000,31,49869.012806452,2451.245548387,14.251142954,3,False,False
2024,8,LA,445,1,334636.890000000,False,226837.352000000,False,2024-08-01,Lago Agrio,False,68.130000000,31,10794.738387097,7317.333935484,12.720804301,3,False,False
2024,8,LI,446,1,277495.700000000,False,210955.770000000,False,2024-08-01,Libertador,False,68.130000000,31,8951.474193548,6805.024838710,12.533564320,3,False,False
2024,8,OY,447,1,546837.970000000,False,29541.738000000,False,2024-08-01,Oso Yuralpa,False,68.130000000,31,17639.934516129,952.959290323,13.211909650,3,False,False
2024,8,PA,448,1,256650.090000000,False,274268.570000000,False,2024-08-01,Palo Azul,False,68.130000000,31,8279.035161290,8847.373225806,12.455472815,3,False,False
2024,8,SA,449,1,2353723.780000000,False,777862.434000000,False,2024-08-01,Sacha,False,68.130000000,31,75926.573548387,25092.336580645,14.671509644,3,False,False
2024,8,SH,450,1,1801525.210000000,False,514766.136000000,False,2024-08-01,Shushufindi,False,68.130000000,31,58113.716451613,16605.359225806,14.404144758,3,False,False
2024,9,AB16,451,1,311031.360000000,False,79144.690000000,False,2024-09-01,AB16 (sin catálogo),True,62.330000000,30,10367.712000000,2638.156333333,12.647652237,3,False,False
2024,9,AM,452,1,976.200000000,False,591842.080000000,False,2024-09-01,Amistad,False,62.330000000,30,32.540000000,19728.069333333,6.884691339,3,False,False
2024,9,AP,453,1,105220.279000000,False,13158.364000000,False,2024-09-01,Apaika,False,62.330000000,30,3507.342633333,438.612133333,11.563820831,3,False,False
2024,9,AU,454,1,2166682.130000000,False,280253.274000000,False,2024-09-01,Auca,False,62.330000000,30,72222.737666667,9341.775800000,14.588708045,3,False,False
2024,9,CU,455,1,564987.270000000,False,144549.776000000,False,2024-09-01,Cuyabeno,False,62.330000000,30,18832.909000000,4818.325866667,13.244560249,3,False,False
2024,9,EY,456,1,905953.073000000,False,167347.146000000,False,2024-09-01,Edén Yuturi,False,62.330000000,30,30198.435766667,5578.238200000,13.716743892,3,False,False
2024,9,IN,457,1,432179.970000000,False,91778.505000000,False,2024-09-01,Indillana,False,62.330000000,30,14405.999000000,3059.283500000,12.976599692,3,False,False
2024,9,ITT,458,1,1344984.258000000,False,60225.416000000,False,2024-09-01,Ishpingo-Tiputini-Tambococha,False,62.330000000,30,44832.808600000,2007.513866667,14.111893610,3,False,False
2024,9,LA,459,1,320549.960000000,False,233631.323000000,False,2024-09-01,Lago Agrio,False,62.330000000,30,10684.998666667,7787.710766667,12.677796544,3,False,False
2024,9,LI,460,1,269858.380000000,False,186534.586000000,False,2024-09-01,Libertador,False,62.330000000,30,8995.279333333,6217.819533333,12.505656287,3,False,False
2024,9,OY,461,1,509624.140000000,False,27267.507000000,False,2024-09-01,Oso Yuralpa,False,62.330000000,30,16987.471333333,908.916900000,13.141430715,3,False,False
2024,9,PA,462,1,250809.860000000,False,266780.171000000,False,2024-09-01,Palo Azul,False,62.330000000,30,8360.328666667,8892.672366667,12.432454388,3,False,False
2024,9,SA,463,1,2256619.610000000,False,742208.811000000,False,2024-09-01,Sacha,False,62.330000000,30,75220.653666667,24740.293700000,14.629378947,3,False,False
2024,9,SH,464,1,1722578.700000000,False,532243.157000000,False,2024-09-01,Shushufindi,False,62.330000000,30,57419.290000000,17741.438566667,14.359333551,3,False,False
2024,10,AB16,465,1,323326.540000000,False,81810.300000000,False,2024-10-01,AB16 (sin catálogo),True,65.330000000,31,10429.888387097,2639.041935484,12.686421144,4,False,False
2024,10,AM,466,1,979.280000000,False,604884.650000000,False,2024-10-01,Amistad,False,65.330000000,31,31.589677419,19512.408064516,6.887838245,4,False,False
2024,10,AP,467,1,102670.787000000,False,14306.017000000,False,2024-10-01,Apaika,False,65.330000000,31,3311.960870968,461.484419355,11.539292645,4,False,False
2024,10,AU,468,1,2248798.920000000,False,298782.402000000,False,2024-10-01,Auca,False,65.330000000,31,72541.900645161,9638.142000000,14.625907263,4,False,False
2024,10,CU,469,1,584287.230000000,False,148469.253000000,False,2024-10-01,Cuyabeno,False,65.330000000,31,18847.975161290,4789.330741935,13.278149685,4,False,False
2024,10,EY,470,1,932875.019000000,False,186083.343000000,False,2024-10-01,Edén Yuturi,False,65.330000000,31,30092.742548387,6002.688483871,13.746027587,4,False,False
2024,10,IN,471,1,458084.760000000,False,101662.438000000,False,2024-10-01,Indillana,False,65.330000000,31,14776.927741935,3279.433483871,13.034811694,4,False,False
2024,10,ITT,472,1,1378254.734000000,False,69126.774000000,False,2024-10-01,Ishpingo-Tiputini-Tambococha,False,65.330000000,31,44459.830129032,2229.895935484,14.136329297,4,False,False
2024,10,LA,473,1,335967.500000000,False,239513.117000000,False,2024-10-01,Lago Agrio,False,65.330000000,31,10837.661290323,7726.229580645,12.724772685,4,False,False
2024,10,LI,474,1,290803.800000000,False,166108.612000000,False,2024-10-01,Libertador,False,65.330000000,31,9380.767741935,5358.342322581,12.580407531,4,False,False
2024,10,OY,475,1,552317.470000000,False,30257.078000000,False,2024-10-01,Oso Yuralpa,False,65.330000000,31,17816.692580645,976.034774194,13.221880097,4,False,False
2024,10,PA,476,1,278934.120000000,False,280490.114000000,False,2024-10-01,Palo Azul,False,65.330000000,31,8997.874838710,9048.068193548,12.538734489,4,False,False
2024,10,SA,477,1,2321785.240000000,False,761881.191000000,False,2024-10-01,Sacha,False,65.330000000,31,74896.298064516,24576.812612903,14.657847378,4,False,False
2024,10,SH,478,1,1794909.160000000,False,547027.543000000,False,2024-10-01,Shushufindi,False,65.330000000,31,57900.295483871,17646.049774194,14.400465529,4,False,False
2024,11,AB16,479,1,333385.190000000,False,86185.100000000,False,2024-11-01,AB16 (sin catálogo),True,60.830000000,30,11112.839666667,2872.836666667,12.717056827,4,False,False
2024,11,AM,480,1,853.450000000,False,583519.590000000,False,2024-11-01,Amistad,False,60.830000000,30,28.448333333,19450.653000000,6.750457987,4,False,False
2024,11,AP,481,1,95792.763000000,False,13524.240000000,False,2024-11-01,Apaika,False,60.830000000,30,3193.092100000,450.808000000,11.469952857,4,False,False
2024,11,AU,482,1,2160994.750000000,False,290052.931000000,False,2024-11-01,Auca,False,60.830000000,30,72033.158333333,9668.431033333,14.586079669,4,False,False
2024,11,CU,483,1,569783.480000000,False,146066.531000000,False,2024-11-01,Cuyabeno,False,60.830000000,30,18992.782666667,4868.884366667,13.253013463,4,False,False
2024,11,EY,484,1,898014.920000000,False,179152.040000000,False,2024-11-01,Edén Yuturi,False,60.830000000,30,29933.830666667,5971.734666667,13.707943075,4,False,False
2024,11,IN,485,1,476647.390000000,False,97767.043000000,False,2024-11-01,Indillana,False,60.830000000,30,15888.246333333,3258.901433333,13.074534370,4,False,False
2024,11,ITT,486,1,1356256.017000000,False,68262.484000000,False,2024-11-01,Ishpingo-Tiputini-Tambococha,False,60.830000000,30,45208.533900000,2275.416133333,14.120239270,4,False,False
2024,11,LA,487,1,332510.390000000,False,230783.903000000,False,2024-11-01,Lago Agrio,False,60.830000000,30,11083.679666667,7692.796766667,12.714429394,4,False,False
2024,11,LI,488,1,285646.930000000,False,158260.149000000,False,2024-11-01,Libertador,False,60.830000000,30,9521.564333333,5275.338300000,12.562515317,4,False,False
2024,11,OY,489,1,541859.160000000,False,30199.563000000,False,2024-11-01,Oso Yuralpa,False,60.830000000,30,18061.972000000,1006.652100000,13.202763240,4,False,False
2024,11,PA,490,1,311164.200000000,False,269812.038000000,False,2024-11-01,Palo Azul,False,60.830000000,30,10372.140000000,8993.734600000,12.648079240,4,False,False
2024,11,SA,491,1,2213656.190000000,False,737600.949000000,False,2024-11-01,Sacha,False,60.830000000,30,73788.539666667,24586.698300000,14.610156543,4,False,False
2024,11,SH,492,1,1726711.140000000,False,548606.881000000,False,2024-11-01,Shushufindi,False,60.830000000,30,57557.038000000,18286.896033333,14.361729661,4,False,False
2024,12,AB16,493,1,356951.760000000,False,97559.850000000,False,2024-12-01,AB16 (sin catálogo),True,62.130000000,31,11514.572903226,3147.091935484,12.785358727,4,False,False
2024,12,AM,494,1,882.440000000,False,592085.110000000,False,2024-12-01,Amistad,False,62.130000000,31,28.465806452,19099.519677419,6.783823378,4,False,False
2024,12,AP,495,1,106073.511000000,False,13289.507000000,False,2024-12-01,Apaika,False,62.130000000,31,3421.726161290,428.693774194,11.571897060,4,False,False
2024,12,AU,496,1,2246342.920000000,False,302608.724000000,False,2024-12-01,Auca,False,62.130000000,31,72462.674838710,9761.571741935,14.624814528,4,False,False
2024,12,CU,497,1,587585.050000000,False,149857.353000000,False,2024-12-01,Cuyabeno,False,62.130000000,31,18954.356451613,4834.108161290,13.283777982,4,False,False
2024,12,EY,498,1,914250.007000000,False,164344.033000000,False,2024-12-01,Edén Yuturi,False,62.130000000,31,29491.935709677,5301.420419355,13.725860437,4,False,False
2024,12,IN,499,1,505702.500000000,False,97974.066000000,False,2024-12-01,Indillana,False,62.130000000,31,16312.983870968,3160.453741935,13.133705808,4,False,False
2024,12,ITT,500,1,1423595.532000000,False,73076.696000000,False,2024-12-01,Ishpingo-Tiputini-Tambococha,False,62.130000000,31,45922.436516129,2357.312774194,14.168696997,4,False,False
2024,12,LA,501,1,330887.460000000,False,227505.175000000,False,2024-12-01,Lago Agrio,False,62.130000000,31,10673.789032258,7338.876612903,12.709536619,4,False,False
2024,12,LI,502,1,282306.200000000,False,145778.222000000,False,2024-12-01,Libertador,False,62.130000000,31,9106.651612903,4702.523290323,12.550751119,4,False,False
2024,12,OY,503,1,564381.880000000,False,31362.114000000,False,2024-12-01,Oso Yuralpa,False,62.130000000,31,18205.867096774,1011.681096774,13.243488165,4,False,False
2024,12,PA,504,1,373385.580000000,False,320495.877000000,False,2024-12-01,Palo Azul,False,62.130000000,31,12044.696129032,10338.576677419,12.830369569,4,False,False
2024,12,SA,505,1,2285050.670000000,False,737316.125000000,False,2024-12-01,Sacha,False,62.130000000,31,73711.311935484,23784.391129032,14.641899195,4,False,False
2024,12,SH,506,1,1717208.820000000,False,568618.444000000,False,2024-12-01,Shushufindi,False,62.130000000,31,55393.832903226,18342.530451613,14.356211334,4,False,False
2025,1,AB16,507,1,359167.530000000,False,96573.110000000,False,2025-01-01,AB16 (sin catálogo),True,67.300000000,31,11586.049354839,3115.261612903,12.791547000,1,False,False
2025,1,AM,508,1,972.360000000,False,589237.430000000,False,2025-01-01,Amistad,False,67.300000000,31,31.366451613,19007.659032258,6.880754003,1,False,False
2025,1,AP,509,1,106484.548000000,False,13428.529000000,False,2025-01-01,Apaika,False,67.300000000,31,3434.985419355,433.178354839,11.575764555,1,False,False
2025,1,AU,510,1,2247467.370000000,False,301991.670000000,False,2025-01-01,Auca,False,67.300000000,31,72498.947419355,9741.666774194,14.625314972,1,False,False
2025,1,AV,511,1,1224.580000000,False,0.000000000,False,2025-01-01,Amazonia Viva,False,67.300000000,31,39.502580645,0.000000000,7.111169480,1,True,False
2025,1,CU,512,1,586412.470000000,False,149006.493000000,False,2025-01-01,Cuyabeno,False,67.300000000,31,18916.531290323,4806.661064516,13.281780400,1,False,False
2025,1,EY,513,1,924267.160000000,False,173084.931000000,False,2025-01-01,Edén Yuturi,False,67.300000000,31,29815.069677419,5583.384870968,13.736757525,1,False,False
2025,1,IN,514,1,495286.480000000,False,98787.962000000,False,2025-01-01,Indillana,False,67.300000000,31,15976.983225806,3186.708451613,13.112893641,1,False,False
2025,1,ITT,515,1,1398446.572000000,False,71927.760000000,False,2025-01-01,Ishpingo-Tiputini-Tambococha,False,67.300000000,31,45111.179741935,2320.250322581,14.150873302,1,False,False
2025,1,LA,516,1,328309.880000000,False,224041.861000000,False,2025-01-01,Lago Agrio,False,67.300000000,31,10590.641290323,7227.156806452,12.701716243,1,False,False
2025,1,LI,517,1,286772.840000000,False,151553.902000000,False,2025-01-01,Libertador,False,67.300000000,31,9250.736774194,4888.835548387,12.566449170,1,False,False
2025,1,OY,518,1,594227.790000000,False,32109.181000000,False,2025-01-01,Oso Yuralpa,False,67.300000000,31,19168.638387097,1035.780032258,13.295019693,1,False,False
2025,1,PA,519,1,377076.760000000,False,346448.333000000,False,2025-01-01,Palo Azul,False,67.300000000,31,12163.766451613,11175.752677419,12.840206705,1,False,False
2025,1,SA,520,1,2295551.590000000,False,747032.161000000,False,2025-01-01,Sacha,False,67.300000000,31,74050.051290323,24097.811645161,14.646484152,1,False,False
2025,1,SH,521,1,1740092.770000000,False,577180.126000000,False,2025-01-01,Shushufindi,False,67.300000000,31,56132.024838710,18618.713741935,14.369449561,1,False,False
2025,2,AB16,522,1,325544.730000000,False,85808.070000000,False,2025-02-01,AB16 (sin catálogo),True,64.820000000,28,11626.597500000,3064.573928571,12.693258222,1,False,False
2025,2,AM,523,1,866.030000000,False,525771.500000000,False,2025-02-01,Amistad,False,64.820000000,28,30.929642857,18777.553571429,6.765073578,1,False,False
2025,2,AP,524,1,99610.664000000,False,13344.999000000,False,2025-02-01,Apaika,False,64.820000000,28,3557.523714286,476.607107143,11.509034545,1,False,False
2025,2,AU,525,1,1947418.440000000,False,258479.965000000,False,2025-02-01,Auca,False,64.820000000,28,69550.658571429,9231.427321429,14.482015690,1,False,False
2025,2,AV,526,1,736.150000000,False,0.000000000,False,2025-02-01,Amazonia Viva,False,64.820000000,28,26.291071429,0.000000000,6.602791399,1,False,False
2025,2,CU,527,1,498765.550000000,False,130646.250000000,False,2025-02-01,Cuyabeno,False,64.820000000,28,17813.055357143,4665.937500000,13.119893430,1,False,False
2025,2,EY,528,1,839314.978000000,False,158871.761000000,False,2025-02-01,Edén Yuturi,False,64.820000000,28,29975.534928571,5673.991464286,13.640342527,1,False,False
2025,2,IN,529,1,440642.100000000,False,83494.417000000,False,2025-02-01,Indillana,False,64.820000000,28,15737.217857143,2981.943464286,12.995990530,1,False,False
2025,2,ITT,530,1,1247919.348000000,False,64831.912000000,False,2025-02-01,Ishpingo-Tiputini-Tambococha,False,64.820000000,28,44568.548142857,2315.425428571,14.036989002,1,False,False
2025,2,LA,531,1,296080.840000000,False,202421.438000000,False,2025-02-01,Lago Agrio,False,64.820000000,28,10574.315714286,7229.337071429,12.598391182,1,False,False
2025,2,LI,532,1,249664.280000000,False,134345.280000000,False,2025-02-01,Libertador,False,64.820000000,28,8916.581428571,4798.045714286,12.427876420,1,False,False
2025,2,OY,533,1,544737.020000000,False,29695.760000000,False,2025-02-01,Oso Yuralpa,False,64.820000000,28,19454.893571429,1060.562857143,13.208060261,1,False,False
2025,2,PA,534,1,345817.280000000,False,307663.449000000,False,2025-02-01,Palo Azul,False,64.820000000,28,12350.617142857,10987.980321429,12.753668714,1,False,False
2025,2,SA,535,1,2092321.570000000,False,690643.064000000,False,2025-02-01,Sacha,False,64.820000000,28,74725.770357143,24665.823714286,14.553785284,1,False,False
2025,2,SH,536,1,1544451.260000000,False,513676.600000000,False,2025-02-01,Shushufindi,False,64.820000000,28,55158.973571429,18345.592857143,14.250179881,1,False,False
2025,3,AB16,537,1,356077.130000000,False,92612.250000000,False,2025-03-01,AB16 (sin catálogo),True,61.310000000,31,11486.359032258,2987.491935484,12.782905452,1,False,False
2025,3,AM,538,1,855.060000000,False,583142.010000000,False,2025-03-01,Amistad,False,61.310000000,31,27.582580645,18811.032580645,6.752340467,1,False,False
2025,3,AP,539,1,118982.009000000,False,15136.908000000,False,2025-03-01,Apaika,False,61.310000000,31,3838.129322581,488.287354839,11.686735980,1,False,False
2025,3,AU,540,1,1888414.480000000,False,249684.531000000,False,2025-03-01,Auca,False,61.310000000,31,60916.596129032,8054.339709677,14.451248665,1,False,False
2025,3,AV,541,1,820.300000000,False,0.000000000,False,2025-03-01,Amazonia Viva,False,61.310000000,31,26.461290323,0.000000000,6.710888451,1,False,False
2025,3,CU,542,1,546618.390000000,False,141676.039000000,False,2025-03-01,Cuyabeno,False,61.310000000,31,17632.851290323,4570.194806452,13.211508026,1,False,False
2025,3,EY,543,1,922677.011000000,False,171233.432000000,False,2025-03-01,Edén Yuturi,False,61.310000000,31,29763.774548387,5523.659096774,13.735035602,1,False,False
2025,3,IN,544,1,463964.420000000,False,90557.958000000,False,2025-03-01,Indillana,False,61.310000000,31,14966.594193548,2921.224451613,13.047565303,1,False,False
2025,3,ITT,545,1,1365892.450000000,False,71378.299000000,False,2025-03-01,Ishpingo-Tiputini-Tambococha,False,61.310000000,31,44061.046774194,2302.525774194,14.127319315,1,False,False
2025,3,LA,546,1,327223.930000000,False,220810.865000000,False,2025-03-01,Lago Agrio,False,61.310000000,31,10555.610645161,7122.931129032,12.698403073,1,False,False
2025,3,LI,547,1,294391.860000000,False,148406.349000000,False,2025-03-01,Libertador,False,61.310000000,31,9496.511612903,4787.301580645,12.592670413,1,False,False
2025,3,OY,548,1,597752.070000000,False,32636.313000000,False,2025-03-01,Oso Yuralpa,False,61.310000000,31,19282.324838710,1052.784290323,13.300933021,1,False,False
2025,3,PA,549,1,384679.920000000,False,344255.340000000,False,2025-03-01,Palo Azul,False,61.310000000,31,12409.029677419,11105.010967742,12.860169490,1,False,False
2025,3,SA,550,1,2325706.160000000,False,764192.213000000,False,2025-03-01,Sacha,False,61.310000000,31,75022.779354839,24651.361709677,14.659534706,1,False,False
2025,3,SH,551,1,1654882.320000000,False,549903.909000000,False,2025-03-01,Shushufindi,False,61.310000000,31,53383.300645161,17738.835774194,14.319241063,1,False,False
2025,4,AB16,552,1,332905.300000000,False,79020.200000000,False,2025-04-01,AB16 (sin catálogo),True,56.330000000,30,11096.843333333,2634.006666667,12.715616348,2,False,False
2025,4,AM,553,1,829.770000000,False,546548.830000000,False,2025-04-01,Amistad,False,56.330000000,30,27.659000000,18218.294333333,6.722352982,2,False,False
2025,4,AP,554,1,111923.520000000,False,10798.702000000,False,2025-04-01,Apaika,False,56.330000000,30,3730.784000000,359.956733333,11.625579995,2,False,False
2025,4,AU,555,1,2147769.910000000,False,286100.318000000,False,2025-04-01,Auca,False,56.330000000,30,71592.330333333,9536.677266667,14.579941076,2,False,False
2025,4,AV,556,1,857.620000000,False,0.000000000,False,2025-04-01,Amazonia Viva,False,56.330000000,30,28.587333333,0.000000000,6.755326449,2,False,False
2025,4,CU,557,1,544317.850000000,False,142664.512000000,False,2025-04-01,Cuyabeno,False,56.330000000,30,18143.928333333,4755.483733333,13.207290475,2,False,False
2025,4,EY,558,1,910386.847000000,False,181877.858000000,False,2025-04-01,Edén Yuturi,False,56.330000000,30,30346.228233333,6062.595266667,13.721625993,2,False,False
2025,4,IN,559,1,422560.650000000,False,82753.413000000,False,2025-04-01,Indillana,False,56.330000000,30,14085.355000000,2758.447100000,12.954090632,2,False,False
2025,4,ITT,560,1,1312849.483000000,False,68610.249000000,False,2025-04-01,Ishpingo-Tiputini-Tambococha,False,56.330000000,30,43761.649433333,2287.008300000,14.087711272,2,False,False
2025,4,LA,561,1,325494.770000000,False,217031.656000000,False,2025-04-01,Lago Agrio,False,56.330000000,30,10849.825666667,7234.388533333,12.693104745,2,False,False
2025,4,LI,562,1,278878.530000000,False,142651.315000000,False,2025-04-01,Libertador,False,56.330000000,30,9295.951000000,4755.043833333,12.538535175,2,False,False
2025,4,OY,563,1,573776.420000000,False,31396.686000000,False,2025-04-01,Oso Yuralpa,False,56.330000000,30,19125.880666667,1046.556200000,13.259996830,2,False,False
2025,4,PA,564,1,368919.770000000,False,341840.497000000,False,2025-04-01,Palo Azul,False,56.330000000,30,12297.325666667,11394.683233333,12.818337185,2,False,False
2025,4,SA,565,1,2252290.160000000,False,734169.858000000,False,2025-04-01,Sacha,False,56.330000000,30,75076.338666667,24472.328600000,14.627458549,2,False,False
2025,4,SH,566,1,1654204.320000000,False,541995.283000000,False,2025-04-01,Shushufindi,False,56.330000000,30,55140.144000000,18066.509433333,14.318831282,2,False,False
2025,5,AB16,567,1,342107.270000000,False,89089.410000000,False,2025-05-01,AB16 (sin catálogo),True,55.060000000,31,11035.718387097,2873.851935484,12.742882545,2,False,False
2025,5,AM,568,1,857.420000000,False,571106.420000000,False,2025-05-01,Amistad,False,55.060000000,31,27.658709677,18422.787741935,6.755093490,2,False,False
2025,5,AP,569,1,113743.616000000,False,14067.295000000,False,2025-05-01,Apaika,False,55.060000000,31,3669.148903226,453.783709677,11.641711004,2,False,False
2025,5,AU,570,1,2130009.310000000,False,282149.818000000,False,2025-05-01,Auca,False,55.060000000,31,68709.977741935,9101.607032258,14.571637378,2,False,False
2025,5,AV,571,1,703.650000000,False,0.000000000,False,2025-05-01,Amazonia Viva,False,55.060000000,31,22.698387097,0.000000000,6.557701226,2,False,False
2025,5,CU,572,1,577880.830000000,False,148500.984000000,False,2025-05-01,Cuyabeno,False,55.060000000,31,18641.317096774,4790.354322581,13.267124680,2,False,False
2025,5,EY,573,1,933337.420000000,False,178000.595000000,False,2025-05-01,Edén Yuturi,False,55.060000000,31,30107.658709677,5741.954677419,13.746523136,2,False,False
2025,5,IN,574,1,421957.360000000,False,76282.542000000,False,2025-05-01,Indillana,False,55.060000000,31,13611.527741935,2460.727161290,12.952661915,2,False,False
2025,5,ITT,575,1,1339731.684000000,False,69076.845000000,False,2025-05-01,Ishpingo-Tiputini-Tambococha,False,55.060000000,31,43217.151096774,2228.285322581,14.107980662,2,False,False
2025,5,LA,576,1,356445.350000000,False,227325.715000000,False,2025-05-01,Lago Agrio,False,55.060000000,31,11498.237096774,7333.087580645,12.783939017,2,False,False
2025,5,LI,577,1,281357.110000000,False,164690.149000000,False,2025-05-01,Libertador,False,55.060000000,31,9076.035806452,5312.585451613,12.547383550,2,False,False
2025,5,OY,578,1,582366.480000000,False,32273.990000000,False,2025-05-01,Oso Yuralpa,False,55.060000000,31,18786.015483871,1041.096451613,13.274856936,2,False,False
2025,5,PA,579,1,390990.370000000,False,364341.819000000,False,2025-05-01,Palo Azul,False,55.060000000,31,12612.592580645,11752.961903226,12.876440767,2,False,False
2025,5,SA,580,1,2324643.610000000,False,736975.248000000,False,2025-05-01,Sacha,False,55.060000000,31,74988.503548387,23773.395096774,14.659077729,2,False,False
2025,5,SH,581,1,1662784.840000000,False,566933.519000000,False,2025-05-01,Shushufindi,False,55.060000000,31,53638.220645161,18288.178032258,14.324004971,2,False,False
2025,6,AB16,582,1,331226.190000000,False,87093.500000000,False,2025-06-01,AB16 (sin catálogo),True,60.520000000,30,11040.873000000,2903.116666667,12.710559794,2,False,False
2025,6,AM,583,1,830.250000000,False,548183.140000000,False,2025-06-01,Amistad,False,60.520000000,30,27.675000000,18272.771333333,6.722930592,2,False,False
2025,6,AP,584,1,114321.964000000,False,14856.251000000,False,2025-06-01,Apaika,False,60.520000000,30,3810.732133333,495.208366667,11.646782739,2,False,False
2025,6,AU,585,1,2087218.160000000,False,275233.914000000,False,2025-06-01,Auca,False,60.520000000,30,69573.938666667,9174.463800000,14.551343193,2,False,False
2025,6,AV,586,1,905.010000000,False,0.000000000,False,2025-06-01,Amazonia Viva,False,60.520000000,30,30.167000000,0.000000000,6.809050344,2,False,False
2025,6,CU,587,1,562849.540000000,False,145221.454000000,False,2025-06-01,Cuyabeno,False,60.520000000,30,18761.651333333,4840.715133333,13.240769401,2,False,False
2025,6,EY,588,1,898115.247000000,False,171731.809000000,False,2025-06-01,Edén Yuturi,False,60.520000000,30,29937.174900000,5724.393633333,13.708054790,2,False,False
2025,6,IN,589,1,414566.800000000,False,72918.090000000,False,2025-06-01,Indillana,False,60.520000000,30,13818.893333333,2430.603000000,12.934991811,2,False,False
2025,6,ITT,590,1,1312541.139000000,False,66415.341000000,False,2025-06-01,Ishpingo-Tiputini-Tambococha,False,60.520000000,30,43751.371300000,2213.844700000,14.087476379,2,False,False
2025,6,LA,591,1,347588.880000000,False,218074.198000000,False,2025-06-01,Lago Agrio,False,60.520000000,30,11586.296000000,7269.139933333,12.758778558,2,False,False
2025,6,LI,592,1,256562.200000000,False,162553.729000000,False,2025-06-01,Libertador,False,60.520000000,30,8552.073333333,5418.457633333,12.455130307,2,False,False
2025,6,OY,593,1,570818.760000000,False,32007.994000000,False,2025-06-01,Oso Yuralpa,False,60.520000000,30,19027.292000000,1066.933133333,13.254828782,2,False,False
2025,6,PA,594,1,375049.430000000,False,365990.595000000,False,2025-06-01,Palo Azul,False,60.520000000,30,12501.647666667,12199.686500000,12.834815776,2,False,False
2025,6,SA,595,1,2243001.480000000,False,712842.206000000,False,2025-06-01,Sacha,False,60.520000000,30,74766.716000000,23761.406866667,14.623325919,2,False,False
2025,6,SH,596,1,1612967.510000000,False,549957.907000000,False,2025-06-01,Shushufindi,False,60.520000000,30,53765.583666667,18331.930233333,14.293586834,2,False,False
2025,7,AB16,597,1,186444.630000000,False,51984.940000000,False,2025-07-01,AB16 (sin catálogo),True,58.030000000,31,6014.342903226,1676.933548387,12.135894947,3,True,True
2025,7,AM,598,1,858.840000000,False,569256.840000000,False,2025-07-01,Amistad,False,58.030000000,31,27.704516129,18363.123870968,6.756746325,3,False,False
2025,7,AP,599,1,41306.829000000,False,5726.459000000,False,2025-07-01,Apaika,False,58.030000000,31,1332.478354839,184.724483871,10.628807325,3,True,True
2025,7,AU,600,1,225089.030000000,False,28957.892000000,False,2025-07-01,Auca,False,58.030000000,31,7260.936451613,934.125548387,12.324255734,3,True,True
2025,7,AV,601,1,264.710000000,False,0.000000000,False,2025-07-01,Amazonia Viva,False,58.030000000,31,8.539032258,0.000000000,5.582405488,3,True,False
2025,7,CU,602,1,114268.610000000,False,29105.835000000,False,2025-07-01,Cuyabeno,False,58.030000000,31,3686.084193548,938.897903226,11.646315935,3,True,True
2025,7,EY,603,1,315694.613000000,False,69747.451000000,False,2025-07-01,Edén Yuturi,False,58.030000000,31,10183.697193548,2249.917774194,12.662533778,3,True,True
2025,7,IN,604,1,166845.340000000,False,33453.000000000,False,2025-07-01,Indillana,False,58.030000000,31,5382.107741935,1079.129032258,12.024828548,3,True,False
2025,7,ITT,605,1,430583.188000000,False,22532.550000000,False,2025-07-01,Ishpingo-Tiputini-Tambococha,False,58.030000000,31,13889.780258065,726.856451613,12.972898142,3,True,True
2025,7,LA,606,1,145862.290000000,False,98895.736000000,False,2025-07-01,Lago Agrio,False,58.030000000,31,4705.235161290,3190.185032258,11.890425092,3,True,True
2025,7,LI,607,1,137679.530000000,False,76398.135000000,False,2025-07-01,Libertador,False,58.030000000,31,4441.275161290,2464.455967742,11.832691280,3,True,False
2025,7,OY,608,1,247165.620000000,False,9774.717000000,False,2025-07-01,Oso Yuralpa,False,58.030000000,31,7973.084516129,315.313451613,12.417817963,3,True,True
2025,7,PA,609,1,100086.610000000,False,107035.141000000,False,2025-07-01,Palo Azul,False,58.030000000,31,3228.600322581,3452.746483871,11.513801181,3,False,True
2025,7,SA,610,1,693105.000000000,False,234498.483000000,False,2025-07-01,Sacha,False,58.030000000,31,22358.225806452,7564.467193548,13.448938225,3,True,True
2025,7,SH,611,1,617208.290000000,False,221120.041000000,False,2025-07-01,Shushufindi,False,58.030000000,31,19909.944838710,7132.904548387,13.332963451,3,True,True
2025,8,AB16,612,1,344588.250000000,False,96768.330000000,False,2025-08-01,AB16 (sin catálogo),True,58.530000000,31,11115.750000000,3121.559032258,12.750108407,3,False,False
2025,8,AM,613,1,866.983000000,False,564564.260000000,False,2025-08-01,Amistad,False,58.530000000,31,27.967193548,18211.750322581,6.766172129,3,False,False
2025,8,AP,614,1,123508.777000000,False,13183.459000000,False,2025-08-01,Apaika,False,58.530000000,31,3984.154096774,425.272870968,11.724075598,3,False,False
2025,8,AU,615,1,2088468.310000000,False,277156.975000000,False,2025-08-01,Auca,False,58.530000000,31,67369.945483871,8940.547580645,14.551941968,3,False,False
2025,8,AV,616,1,907.340000000,False,0.000000000,False,2025-08-01,Amazonia Viva,False,58.530000000,31,29.269032258,0.000000000,6.811618758,3,False,False
2025,8,CU,617,1,583973.750000000,False,149701.073000000,False,2025-08-01,Cuyabeno,False,58.530000000,31,18837.862903226,4829.066870968,13.277613025,3,False,False
2025,8,EY,618,1,930078.198000000,False,175867.071000000,False,2025-08-01,Edén Yuturi,False,58.530000000,31,30002.522516129,5673.131322581,13.743025021,3,False,False
2025,8,IN,619,1,428763.600000000,False,80819.000000000,False,2025-08-01,Indillana,False,58.530000000,31,13831.083870968,2607.064516129,12.968663329,3,False,False
2025,8,ITT,620,1,1342740.965000000,False,66809.489000000,False,2025-08-01,Ishpingo-Tiputini-Tambococha,False,58.530000000,31,43314.224677419,2155.144806452,14.110224324,3,False,False
2025,8,LA,621,1,363332.660000000,False,223517.149000000,False,2025-08-01,Lago Agrio,False,58.530000000,31,11720.408387097,7210.230612903,12.803076865,3,False,False
2025,8,LI,622,1,312878.300000000,False,166655.013000000,False,2025-08-01,Libertador,False,58.530000000,31,10092.848387097,5375.968161290,12.653572772,3,False,False
2025,8,OY,623,1,607638.320000000,False,32694.653000000,False,2025-08-01,Oso Yuralpa,False,58.530000000,31,19601.236129032,1054.666225806,13.317336761,3,False,False
2025,8,PA,624,1,413192.280000000,False,384433.080000000,False,2025-08-01,Palo Azul,False,58.530000000,31,13328.783225806,12401.067096774,12.931670753,3,False,False
2025,8,SA,625,1,2239077.640000000,False,758719.516000000,False,2025-08-01,Sacha,False,58.530000000,31,72228.310967742,24474.823096774,14.621575018,3,False,False
2025,8,SH,626,1,1676780.190000000,False,567691.925000000,False,2025-08-01,Shushufindi,False,58.530000000,31,54089.683548387,18312.642741935,14.332386555,3,False,False
2025,9,AB16,627,1,340453.330000000,False,99218.960000000,False,2025-09-01,AB16 (sin catálogo),True,57.690000000,30,11348.444333333,3307.298666667,12.738036269,3,False,False
2025,9,AM,628,1,889.720000000,False,569082.120000000,False,2025-09-01,Amistad,False,57.690000000,30,29.657333333,18969.404000000,6.792030124,3,False,False
2025,9,AP,629,1,115253.653000000,False,12009.296000000,False,2025-09-01,Apaika,False,57.690000000,30,3841.788433333,400.309866667,11.654899333,3,False,False
2025,9,AU,630,1,2062535.840000000,False,279329.501000000,False,2025-09-01,Auca,False,57.690000000,30,68751.194666667,9310.983366667,14.539447259,3,False,False
2025,9,AV,631,1,447.150000000,False,0.000000000,False,2025-09-01,Amazonia Viva,False,57.690000000,30,14.905000000,0.000000000,6.105127998,3,False,False
2025,9,CU,632,1,581958.780000000,False,144646.384000000,False,2025-09-01,Cuyabeno,False,57.690000000,30,19398.626000000,4821.546133333,13.274156618,3,False,False
2025,9,EY,633,1,905941.665000000,False,164968.814000000,False,2025-09-01,Edén Yuturi,False,57.690000000,30,30198.055500000,5498.960466667,13.716731299,3,False,False
2025,9,IN,634,1,403045.390000000,False,66461.125000000,False,2025-09-01,Indillana,False,57.690000000,30,13434.846333333,2215.370833333,12.906806946,3,False,False
2025,9,ITT,635,1,1291589.522000000,False,65739.640000000,False,2025-09-01,Ishpingo-Tiputini-Tambococha,False,57.690000000,30,43052.984066667,2191.321333333,14.071384980,3,False,False
2025,9,LA,636,1,335259.460000000,False,213445.030000000,False,2025-09-01,Lago Agrio,False,57.690000000,30,11175.315333333,7114.834333333,12.722663001,3,False,False
2025,9,LI,637,1,296676.040000000,False,165952.749000000,False,2025-09-01,Libertador,False,57.690000000,30,9889.201333333,5531.758300000,12.600399419,3,False,False
2025,9,OY,638,1,584832.700000000,False,31202.854000000,False,2025-09-01,Oso Yuralpa,False,57.690000000,30,19494.423333333,1040.095133333,13.279082812,3,False,False
2025,9,PA,639,1,430301.730000000,False,341263.415000000,False,2025-09-01,Palo Azul,False,57.690000000,30,14343.391000000,11375.447166667,12.972244263,3,False,False
2025,9,SA,640,1,2203715.630000000,False,748698.259000000,False,2025-09-01,Sacha,False,57.690000000,30,73457.187666667,24956.608633333,14.605655870,3,False,False
2025,9,SH,641,1,1639371.140000000,False,542131.936000000,False,2025-09-01,Shushufindi,False,57.690000000,30,54645.704666667,18071.064533333,14.309823885,3,False,False
2025,10,AB16,642,1,377466.990000000,False,102645.750000000,False,2025-10-01,AB16 (sin catálogo),True,55.480000000,31,12176.354516129,3311.153225806,12.841241049,4,False,False
2025,10,AM,643,1,917.610000000,False,560914.920000000,False,2025-10-01,Amistad,False,55.480000000,31,29.600322581,18094.029677419,6.822861658,4,False,False
2025,10,AP,644,1,156682.755000000,False,15090.858000000,False,2025-10-01,Apaika,False,55.480000000,31,5054.282419355,486.801870968,11.961984754,4,True,False
2025,10,AU,645,1,2169279.890000000,False,286915.665000000,False,2025-10-01,Auca,False,55.480000000,31,69976.770645161,9255.344032258,14.589906283,4,False,False
2025,10,CU,646,1,598479.070000000,False,145866.222000000,False,2025-10-01,Cuyabeno,False,55.480000000,31,19305.776451613,4705.362000000,13.302148504,4,False,False
2025,10,EY,647,1,950449.888000000,False,172022.502000000,False,2025-10-01,Edén Yuturi,False,55.480000000,31,30659.673806452,5549.112967742,13.764691770,4,False,False
2025,10,IN,648,1,395281.020000000,False,64512.000000000,False,2025-10-01,Indillana,False,55.480000000,31,12751.000645161,2081.032258065,12.887354764,4,False,False
2025,10,ITT,649,1,1321774.057000000,False,67034.056000000,False,2025-10-01,Ishpingo-Tiputini-Tambococha,False,55.480000000,31,42637.872806452,2162.388903226,14.094486131,4,False,False
2025,10,LA,650,1,341267.690000000,False,219260.804000000,False,2025-10-01,Lago Agrio,False,55.480000000,31,11008.635161290,7072.929161290,12.740425393,4,False,False
2025,10,LI,651,1,291705.850000000,False,172270.007000000,False,2025-10-01,Libertador,False,55.480000000,31,9409.866129032,5557.097000000,12.583504639,4,False,False
2025,10,OY,652,1,613823.020000000,False,31617.797000000,False,2025-10-01,Oso Yuralpa,False,55.480000000,31,19800.742580645,1019.928935484,13.327463554,4,False,False
2025,10,PA,653,1,419425.690000000,False,377104.640000000,False,2025-10-01,Palo Azul,False,55.480000000,31,13529.860967742,12164.665806452,12.946644034,4,False,False
2025,10,SA,654,1,2249603.750000000,False,772545.922000000,False,2025-10-01,Sacha,False,55.480000000,31,72567.862903226,24920.836193548,14.626265092,4,False,False
2025,10,SH,655,1,1689600.840000000,False,554322.125000000,False,2025-10-01,Shushufindi,False,55.480000000,31,54503.252903226,17881.358870968,14.340003462,4,False,False
2025,11,AB16,656,1,371458.540000000,False,88146.750000000,False,2025-11-01,AB16 (sin catálogo),True,53.270000000,30,12381.951333333,2938.225000000,12.825195227,4,False,False
2025,11,AM,657,1,859.040000000,False,522248.950000000,False,2025-11-01,Amistad,False,53.270000000,30,28.634666667,17408.298333333,6.756978900,4,False,False
2025,11,AP,658,1,154174.974000000,False,15134.212000000,False,2025-11-01,Apaika,False,53.270000000,30,5139.165800000,504.473733333,11.945849917,4,True,False
2025,11,AU,659,1,1909750.580000000,False,261817.744000000,False,2025-11-01,Auca,False,53.270000000,30,63658.352666667,8727.258133333,14.462483729,4,False,False
2025,11,CU,660,1,576888.290000000,False,139500.939000000,False,2025-11-01,Cuyabeno,False,53.270000000,30,19229.609666667,4650.031300000,13.265405655,4,False,False
2025,11,EY,661,1,933405.122000000,False,167740.248000000,False,2025-11-01,Edén Yuturi,False,53.270000000,30,31113.504066667,5591.341600000,13.746595671,4,False,False
2025,11,IN,662,1,391561.770000000,False,64429.167000000,False,2025-11-01,Indillana,False,53.270000000,30,13052.059000000,2147.638900000,12.877901114,4,False,False
2025,11,ITT,663,1,1333411.374000000,False,64944.533000000,False,2025-11-01,Ishpingo-Tiputini-Tambococha,False,53.270000000,30,44447.045800000,2164.817766667,14.103251909,4,False,False
2025,11,LA,664,1,340500.540000000,False,215909.944000000,False,2025-11-01,Lago Agrio,False,53.270000000,30,11350.018000000,7196.998133333,12.738174927,4,False,False
2025,11,LI,665,1,278571.120000000,False,160588.401000000,False,2025-11-01,Libertador,False,53.270000000,30,9285.704000000,5352.946700000,12.537432264,4,False,False
2025,11,OY,666,1,602044.790000000,False,30972.438000000,False,2025-11-01,Oso Yuralpa,False,53.270000000,30,20068.159666667,1032.414600000,13.308088785,4,False,False
2025,11,PA,667,1,382386.650000000,False,350966.912000000,False,2025-11-01,Palo Azul,False,53.270000000,30,12746.221666667,11698.897066667,12.854190164,4,False,False
2025,11,SA,668,1,2147110.770000000,False,742445.108000000,False,2025-11-01,Sacha,False,53.270000000,30,71570.359000000,24748.170266667,14.579634134,4,False,False
2025,11,SH,669,1,1685431.620000000,False,559343.603000000,False,2025-11-01,Shushufindi,False,53.270000000,30,56181.054000000,18644.786766667,14.337532837,4,False,False
2025,12,AB16,670,1,362980.220000000,False,94809.220000000,False,2025-12-01,AB16 (sin catálogo),True,51.920000000,31,11709.039354839,3058.361935484,12.802106376,4,False,False
2025,12,AM,671,1,870.640000000,False,569475.170000000,False,2025-12-01,Amistad,False,51.920000000,31,28.085161290,18370.166774194,6.770376495,4,False,False
2025,12,AP,672,1,166334.045000000,False,18866.072000000,False,2025-12-01,Apaika,False,51.920000000,31,5365.614354839,608.582967742,12.021759377,4,True,True
2025,12,AU,673,1,1924527.530000000,False,260220.377000000,False,2025-12-01,Auca,False,51.920000000,31,62081.533225806,8394.205709677,14.470191576,4,False,False
2025,12,CU,674,1,580549.850000000,False,141062.838000000,False,2025-12-01,Cuyabeno,False,51.920000000,31,18727.414516129,4550.414129032,13.271732673,4,False,False
2025,12,EY,675,1,961219.480000000,False,175792.308000000,False,2025-12-01,Edén Yuturi,False,51.920000000,31,31007.080000000,5670.719612903,13.775959089,4,False,False
2025,12,IN,676,1,407231.780000000,False,65472.000000000,False,2025-12-01,Indillana,False,51.920000000,31,13136.509032258,2112.000000000,12.917140242,4,False,False
2025,12,ITT,677,1,1370797.535000000,False,64822.408000000,False,2025-12-01,Ishpingo-Tiputini-Tambococha,False,51.920000000,31,44219.275322581,2091.045419355,14.130904000,4,False,False
2025,12,LA,678,1,354285.370000000,False,218482.324000000,False,2025-12-01,Lago Agrio,False,51.920000000,31,11428.560322581,7047.816903226,12.777860820,4,False,False
2025,12,LI,679,1,311518.550000000,False,168296.268000000,False,2025-12-01,Libertador,False,51.920000000,31,10048.985483871,5428.911870968,12.649217376,4,False,False
2025,12,OY,680,1,623134.290000000,False,32205.264000000,False,2025-12-01,Oso Yuralpa,False,51.920000000,31,20101.106129032,1038.879483871,13.342518933,4,False,False
2025,12,PA,681,1,404175.320000000,False,393687.734000000,False,2025-12-01,Palo Azul,False,51.920000000,31,13037.913548387,12699.604322581,12.909606497,4,False,False
2025,12,SA,682,1,2232839.700000000,False,726692.775000000,False,2025-12-01,Sacha,False,51.920000000,31,72027.087096774,23441.702419355,14.618785189,4,False,False
2025,12,SH,683,1,1700684.430000000,False,583222.943000000,False,2025-12-01,Shushufindi,False,51.920000000,31,54860.788064516,18813.643322581,14.346541922,4,False,False
2026,1,AIT,684,1,357943.250000000,False,105842.820000000,False,2026-01-01,Amo-Iro-Tivacuno,False,53.100000000,31,11546.556451613,3414.284516129,12.788132527,1,False,False
2026,1,AM,685,1,883.950000000,False,543630.590000000,False,2026-01-01,Amistad,False,53.100000000,31,28.514516129,17536.470645161,6.785531146,1,False,False
2026,1,AP,686,1,179228.495000000,False,19658.058000000,False,2026-01-01,Apaika,False,53.100000000,31,5781.564354839,634.130903226,12.096422359,1,True,True
2026,1,AU,687,1,1916126.740000000,False,256821.002000000,False,2026-01-01,Auca,False,53.100000000,31,61810.540000000,8284.548451613,14.465816905,1,False,False
2026,1,AV,688,1,303.900000000,False,0.000000000,False,2026-01-01,Amazonia Viva,False,53.100000000,31,9.803225806,0.000000000,5.719983854,1,True,False
2026,1,CU,689,1,572662.770000000,False,142610.268000000,False,2026-01-01,Cuyabeno,False,53.100000000,31,18472.992580645,4600.331225806,13.258054035,1,False,False
2026,1,EY,690,1,959719.607000000,False,159729.092000000,False,2026-01-01,Edén Yuturi,False,53.100000000,31,30958.697000000,5152.551354839,13.774397487,1,False,False
2026,1,IN,691,1,401271.460000000,False,67236.000000000,False,2026-01-01,Indillana,False,53.100000000,31,12944.240645161,2168.903225806,12.902395927,1,False,False
2026,1,ITT,692,1,1379087.338000000,False,63043.105000000,False,2026-01-01,Ishpingo-Tiputini-Tambococha,False,53.100000000,31,44486.688322581,2033.648548387,14.136933214,1,False,False
2026,1,LA,693,1,332043.630000000,False,212271.768000000,False,2026-01-01,Lago Agrio,False,53.100000000,31,10711.084838710,6847.476387097,12.713024667,1,False,False
2026,1,LI,694,1,341893.830000000,False,179307.906000000,False,2026-01-01,Libertador,False,53.100000000,31,11028.833225806,5784.126000000,12.742258454,1,False,False
2026,1,OY,695,1,636207.640000000,False,30522.460000000,False,2026-01-01,Oso Yuralpa,False,53.100000000,31,20522.827096774,984.595483871,13.363281839,1,False,False
2026,1,PA,696,1,407459.650000000,False,407093.735000000,False,2026-01-01,Palo Azul,False,53.100000000,31,13143.859677419,13132.055967742,12.917699643,1,False,False
2026,1,SA,697,1,2189761.030000000,False,716109.844000000,False,2026-01-01,Sacha,False,53.100000000,31,70637.452580645,23100.317548387,14.599303434,1,False,False
2026,1,SH,698,1,1761738.640000000,False,604363.443000000,False,2026-01-01,Shushufindi,False,53.100000000,31,56830.278709677,19495.594935484,14.381812311,1,False,False
2026,2,AIT,699,1,316377.210000000,False,92266.970000000,False,2026-02-01,Amo-Iro-Tivacuno,False,57.060000000,28,11299.186071429,3295.248928571,12.664693644,1,False,False
2026,2,AM,700,1,837.560000000,False,489961.050000000,False,2026-02-01,Amistad,False,57.060000000,28,29.912857143,17498.608928571,6.731686135,1,False,False
2026,2,AP,701,1,172382.190000000,False,18416.532000000,False,2026-02-01,Apaika,False,57.060000000,28,6156.506785714,657.733285714,12.057475127,1,True,True
2026,2,AU,702,1,1728971.740000000,False,230685.785000000,False,2026-02-01,Auca,False,57.060000000,28,61748.990714286,8238.778035714,14.363037998,1,False,False
2026,2,AV,703,1,647.560000000,False,0.000000000,False,2026-02-01,Amazonia Viva,False,57.060000000,28,23.127142857,0.000000000,6.474754521,1,False,False
2026,2,CU,704,1,511769.880000000,False,128639.302000000,False,2026-02-01,Cuyabeno,False,57.060000000,28,18277.495714286,4594.260785714,13.145632304,1,False,False
2026,2,EY,705,1,882545.668000000,False,155502.098000000,False,2026-02-01,Edén Yuturi,False,57.060000000,28,31519.488142857,5553.646357143,13.690566948,1,False,False
2026,2,IN,706,1,335846.510000000,False,58164.834000000,False,2026-02-01,Indillana,False,57.060000000,28,11994.518214286,2077.315500000,12.724412497,1,False,False
2026,2,ITT,707,1,1200992.772000000,False,55792.628000000,False,2026-02-01,Ishpingo-Tiputini-Tambococha,False,57.060000000,28,42892.599000000,1992.593857143,13.998659915,1,False,False
2026,2,LA,708,1,297146.680000000,False,191860.956000000,False,2026-02-01,Lago Agrio,False,57.060000000,28,10612.381428571,6852.177000000,12.601984533,1,False,False
2026,2,LI,709,1,309441.770000000,False,159107.725000000,False,2026-02-01,Libertador,False,57.060000000,28,11051.491785714,5682.418750000,12.642528443,1,False,False
2026,2,OY,710,1,544644.190000000,False,26199.626000000,False,2026-02-01,Oso Yuralpa,False,57.060000000,28,19451.578214286,935.700928571,13.207889834,1,False,False
2026,2,PA,711,1,356706.440000000,False,338204.218000000,False,2026-02-01,Palo Azul,False,57.060000000,28,12739.515714286,12078.722071429,12.784671229,1,False,False
2026,2,SA,712,1,1963277.280000000,False,625565.541000000,False,2026-02-01,Sacha,False,57.060000000,28,70117.045714286,22341.626464286,14.490126226,1,False,False
2026,2,SH,713,1,1589161.750000000,False,539079.867000000,False,2026-02-01,Shushufindi,False,57.060000000,28,56755.776785714,19252.852392857,14.278717863,1,False,False
2026,3,AIT,714,1,346947.720000000,False,100759.810000000,False,2026-03-01,Amo-Iro-Tivacuno,False,85.220000000,31,11191.861935484,3250.316451613,12.756932267,1,False,False
2026,3,AM,715,1,933.670000000,False,594807.331000000,False,2026-03-01,Amistad,False,85.220000000,31,30.118387097,19187.333258065,6.840193526,1,False,False
2026,3,AP,716,1,212140.191000000,False,21305.256000000,False,2026-03-01,Apaika,False,85.220000000,31,6843.231967742,687.266322581,12.265007327,1,True,True
2026,3,AU,717,1,1901654.550000000,False,248560.464000000,False,2026-03-01,Auca,False,85.220000000,31,61343.695161290,8018.079483871,14.458235407,1,False,False
2026,3,AV,718,1,807.660000000,False,0.000000000,False,2026-03-01,Amazonia Viva,False,85.220000000,31,26.053548387,0.000000000,6.695378557,1,False,False
2026,3,CU,719,1,556590.600000000,False,141664.372000000,False,2026-03-01,Cuyabeno,False,85.220000000,31,17954.535483871,4569.818451613,13.229587036,1,False,False
2026,3,EY,720,1,936191.222000000,False,166032.584000000,False,2026-03-01,Edén Yuturi,False,85.220000000,31,30199.716838710,5355.889806452,13.749576100,1,False,False
2026,3,IN,721,1,380646.030000000,False,65920.875000000,False,2026-03-01,Indillana,False,85.220000000,31,12278.904193548,2126.479838710,12.849627794,1,False,False
2026,3,ITT,722,1,1318031.037000000,False,62154.933000000,False,2026-03-01,Ishpingo-Tiputini-Tambococha,False,85.220000000,31,42517.130225806,2004.997838710,14.091650301,1,False,False
2026,3,LA,723,1,321048.750000000,False,214194.108000000,False,2026-03-01,Lago Agrio,False,85.220000000,31,10356.411290323,6909.487354839,12.679351375,1,False,False
2026,3,LI,724,1,331843.750000000,False,180891.331000000,False,2026-03-01,Libertador,False,85.220000000,31,10704.637096774,5835.204225806,12.712422518,1,False,False
2026,3,OY,725,1,648170.840000000,False,32047.521000000,False,2026-03-01,Oso Yuralpa,False,85.220000000,31,20908.736774194,1033.791000000,13.381911125,1,False,False
2026,3,PA,726,1,386668.650000000,False,376015.669000000,False,2026-03-01,Palo Azul,False,85.220000000,31,12473.182258065,12129.537709677,12.865325990,1,False,False
2026,3,SA,727,1,2175599.100000000,False,695538.652000000,False,2026-03-01,Sacha,False,85.220000000,31,70180.616129032,22436.730709677,14.592815092,1,False,False
2026,3,SH,728,1,1693367.280000000,False,583500.671000000,False,2026-03-01,Shushufindi,False,85.220000000,31,54624.750967742,18822.602290323,14.342230168,1,False,False
2026,4,AIT,729,1,327435.060000000,False,96313.530000000,False,2026-04-01,Amo-Iro-Tivacuno,False,89.440000000,30,10914.502000000,3210.451000000,12.699048078,2,False,False
2026,4,AM,730,1,817.520000000,False,734094.200000000,False,2026-04-01,Amistad,False,89.440000000,30,27.250666667,24469.806666667,6.707497831,2,False,False
2026,4,AP,731,1,212970.395000000,False,18446.347000000,False,2026-04-01,Apaika,False,89.440000000,30,7099.013166667,614.878233333,12.268913140,2,True,True
2026,4,AU,732,1,1774268.150000000,False,238621.754000000,False,2026-04-01,Auca,False,89.440000000,30,59142.271666667,7954.058466667,14.388899150,2,False,False
2026,4,AV,733,1,698.220000000,False,0.000000000,False,2026-04-01,Amazonia Viva,False,89.440000000,30,23.274000000,0.000000000,6.549965428,2,False,False
2026,4,CU,734,1,524620.980000000,False,133705.834000000,False,2026-04-01,Cuyabeno,False,89.440000000,30,17487.366000000,4456.861133333,13.170433244,2,False,False
2026,4,EY,735,1,885397.779000000,False,148621.113000000,False,2026-04-01,Edén Yuturi,False,89.440000000,30,29513.259300000,4954.037100000,13.693793420,2,False,False
2026,4,IN,736,1,353073.500000000,False,62141.000000000,False,2026-04-01,Indillana,False,89.440000000,30,11769.116666667,2071.366666667,12.774434362,2,False,False
2026,4,ITT,737,1,1234090.996000000,False,58337.965000000,False,2026-04-01,Ishpingo-Tiputini-Tambococha,False,89.440000000,30,41136.366533333,1944.598833333,14.025846032,2,False,False
2026,4,LA,738,1,324893.850000000,False,199671.433000000,False,2026-04-01,Lago Agrio,False,89.440000000,30,10829.795000000,6655.714433333,12.691256871,2,False,False
2026,4,LI,739,1,300343.530000000,False,166847.144000000,False,2026-04-01,Libertador,False,89.440000000,30,10011.451000000,5561.571466667,12.612685528,2,False,False
2026,4,OY,740,1,625333.570000000,False,31140.428000000,False,2026-04-01,Oso Yuralpa,False,89.440000000,30,20844.452333333,1038.014266667,13.346042097,2,False,False
2026,4,PA,741,1,380877.520000000,False,370245.181000000,False,2026-04-01,Palo Azul,False,89.440000000,30,12695.917333333,12341.506033333,12.850235758,2,False,False
2026,4,SA,742,1,2121919.030000000,False,675547.245000000,False,2026-04-01,Sacha,False,89.440000000,30,70730.634333333,22518.241500000,14.567831911,2,False,False
2026,4,SH,743,1,1639284.680000000,False,569742.365000000,False,2026-04-01,Shushufindi,False,89.440000000,30,54642.822666667,18991.412166667,14.309771144,2,False,False
2026,5,AIT,744,1,340309.540000000,False,101689.590000000,False,2026-05-01,Amo-Iro-Tivacuno,False,93.120000000,31,10977.727096774,3280.309354839,12.737613833,2,False,False
2026,5,AM,745,1,810.100000000,False,842315.040000000,False,2026-05-01,Amistad,False,93.120000000,31,26.132258065,27171.452903226,6.698391351,2,False,True
2026,5,AP,746,1,233289.273000000,False,17539.533000000,False,2026-05-01,Apaika,False,93.120000000,31,7525.460419355,565.791387097,12.360038764,2,True,False
2026,5,AU,747,1,1863505.010000000,False,250456.137000000,False,2026-05-01,Auca,False,93.120000000,31,60113.064838710,8079.230225806,14.437970223,2,False,False
2026,5,AV,748,1,797.880000000,False,0.000000000,False,2026-05-01,Amazonia Viva,False,93.120000000,31,25.738064516,0.000000000,6.683210747,2,False,False
2026,5,CU,749,1,541316.120000000,False,136101.256000000,False,2026-05-01,Cuyabeno,False,93.120000000,31,17461.810322581,4390.363096774,13.201760560,2,False,False
2026,5,EY,750,1,905937.807000000,False,146248.097000000,False,2026-05-01,Edén Yuturi,False,93.120000000,31,29223.800225806,4717.680548387,13.716727041,2,False,False
2026,5,IN,751,1,393038.420000000,False,64490.000000000,False,2026-05-01,Indillana,False,93.120000000,31,12678.658709677,2080.322580645,12.881665191,2,False,False
2026,5,ITT,752,1,1271492.070000000,False,60863.159000000,False,2026-05-01,Ishpingo-Tiputini-Tambococha,False,93.120000000,31,41015.873225806,1963.327709677,14.055702414,2,False,False
2026,5,LA,753,1,382546.860000000,False,218843.079000000,False,2026-05-01,Lago Agrio,False,93.120000000,31,12340.221290323,7059.454161290,12.854609049,2,False,False
2026,5,LI,754,1,307194.960000000,False,160186.230000000,False,2026-05-01,Libertador,False,93.120000000,31,9909.514838710,5167.297741935,12.635241129,2,False,False
2026,5,OY,755,1,645881.630000000,False,35650.737000000,False,2026-05-01,Oso Yuralpa,False,93.120000000,31,20834.891290323,1150.023774194,13.378373079,2,False,False
2026,5,PA,756,1,399933.190000000,False,382845.552000000,False,2026-05-01,Palo Azul,False,93.120000000,31,12901.070645161,12349.856516129,12.899055288,2,False,False
2026,5,SA,757,1,2236968.320000000,False,708763.128000000,False,2026-05-01,Sacha,False,93.120000000,31,72160.268387097,22863.326709677,14.620632526,2,False,False
2026,5,SH,758,1,1690263.260000000,False,586853.496000000,False,2026-05-01,Shushufindi,False,93.120000000,31,54524.621290323,18930.757935484,14.340395442,2,False,False
2026,6,AIT,759,1,336252.120000000,False,105237.810000000,False,2026-06-01,Amo-Iro-Tivacuno,False,79.030000000,30,11208.404000000,3507.927000000,12.725619489,2,False,True
2026,6,AM,760,1,783.060000000,False,801710.620000000,False,2026-06-01,Amistad,False,79.030000000,30,26.102000000,26723.687333333,6.664485548,2,False,True
2026,6,AP,761,1,211028.326000000,False,15673.293000000,False,2026-06-01,Apaika,False,79.030000000,30,7034.277533333,522.443100000,12.259752389,2,True,False
2026,6,AU,762,1,1839870.010000000,False,241046.024000000,False,2026-06-01,Auca,False,79.030000000,30,61329.000333333,8034.867466667,14.425206024,2,False,False
2026,6,AV,763,1,94.440000000,False,0.000000000,False,2026-06-01,Amazonia Viva,False,79.030000000,30,3.148000000,0.000000000,4.558497778,2,True,False
2026,6,CU,764,1,515021.030000000,False,131509.289000000,False,2026-06-01,Cuyabeno,False,79.030000000,30,17167.367666667,4383.642966667,13.151964955,2,False,False
2026,6,EY,765,1,847701.789000000,False,137016.517000000,False,2026-06-01,Edén Yuturi,False,79.030000000,30,28256.726300000,4567.217233333,13.650285369,2,False,False
2026,6,IN,766,1,386645.790000000,False,62006.000000000,False,2026-06-01,Indillana,False,79.030000000,30,12888.193000000,2066.866666667,12.865266868,2,False,False
2026,6,ITT,767,1,1217304.885000000,False,59557.884000000,False,2026-06-01,Ishpingo-Tiputini-Tambococha,False,79.030000000,30,40576.829500000,1985.262800000,14.012150684,2,False,False
2026,6,LA,768,1,390126.720000000,False,208423.218000000,False,2026-06-01,Lago Agrio,False,79.030000000,30,13004.224000000,6947.440600000,12.874229452,2,False,False
2026,6,LI,769,1,299296.580000000,False,151258.356000000,False,2026-06-01,Libertador,False,79.030000000,30,9976.552666667,5041.945200000,12.609193608,2,False,False
2026,6,OY,770,1,631255.370000000,False,35417.504000000,False,2026-06-01,Oso Yuralpa,False,79.030000000,30,21041.845666667,1180.583466667,13.355467351,2,False,True
2026,6,PA,771,1,387323.230000000,False,376697.447000000,False,2026-06-01,Palo Azul,False,79.030000000,30,12910.774333333,12556.581566667,12.867017425,2,False,False
2026,6,SA,772,1,2189453.710000000,False,688390.162000000,False,2026-06-01,Sacha,False,79.030000000,30,72981.790333333,22946.338733333,14.599163080,2,False,False
2026,6,SH,773,1,1635255.620000000,False,553519.809000000,False,2026-06-01,Shushufindi,False,79.030000000,30,54508.520666667,18450.660300000,14.307310304,2,False,False
2026,7,AIT,774,1,342834.990000000,False,101867.620000000,False,2026-07-01,Amo-Iro-Tivacuno,False,74.310000000,31,11059.193225806,3286.052258065,12.745007449,3,False,False
2026,7,AM,775,1,816.210000000,False,792956.200000000,False,2026-07-01,Amistad,False,74.310000000,31,26.329354839,25579.232258065,6.705896100,3,False,False
2026,7,AP,776,1,200613.065000000,False,15731.385000000,False,2026-07-01,Apaika,False,74.310000000,31,6471.389193548,507.464032258,12.209138267,3,True,False
2026,7,AU,777,1,1965232.630000000,False,255495.727000000,False,2026-07-01,Auca,False,74.310000000,31,63394.600967742,8241.797645161,14.491121692,3,False,False
2026,7,AV,778,1,1126.570000000,False,0.000000000,False,2026-07-01,Amazonia Viva,False,74.310000000,31,36.340967742,0.000000000,7.027820154,3,False,False
2026,7,CU,779,1,542507.140000000,False,138167.333000000,False,2026-07-01,Cuyabeno,False,74.310000000,31,17500.230322581,4457.010741935,13.203958369,3,False,False
2026,7,EY,780,1,860214.863000000,False,146287.195000000,False,2026-07-01,Edén Yuturi,False,74.310000000,31,27748.866548387,4718.941774194,13.664938640,3,False,False
2026,7,IN,781,1,396930.300000000,False,63986.667000000,False,2026-07-01,Indillana,False,74.310000000,31,12804.203225806,2064.086032258,12.891518497,3,False,False
2026,7,ITT,782,1,1230702.472000000,False,60749.867000000,False,2026-07-01,Ishpingo-Tiputini-Tambococha,False,74.310000000,31,39700.079741935,1959.673129032,14.023096492,3,False,False
2026,7,LA,783,1,459870.860000000,False,209555.837000000,False,2026-07-01,Lago Agrio,False,74.310000000,31,14834.543870968,6759.865709677,13.038703164,3,True,False
2026,7,LI,784,1,319365.150000000,False,158886.968000000,False,2026-07-01,Libertador,False,74.310000000,31,10302.101612903,5125.386064516,12.674093529,3,False,False
2026,7,OY,785,1,648169.570000000,False,35834.959000000,False,2026-07-01,Oso Yuralpa,False,74.310000000,31,20908.695806452,1155.966419355,13.381909166,3,False,False
2026,7,PA,786,1,417117.100000000,False,410199.676000000,False,2026-07-01,Palo Azul,False,74.310000000,31,13455.390322581,13232.247612903,12.941124674,3,False,False
2026,7,SA,787,1,2244584.760000000,False,699910.432000000,False,2026-07-01,Sacha,False,74.310000000,31,72405.960000000,22577.755870968,14.624031545,3,False,False
2026,7,SH,788,1,1670789.880000000,False,566774.568000000,False,2026-07-01,Shushufindi,False,74.310000000,31,53896.447741935,18283.050580645,14.328807653,3,False,False
2026,8,AIT,789,1,348145.510000000,False,96110.090000000,False,2026-08-01,Amo-Iro-Tivacuno,False,,31,11230.500322581,3100.325483871,12.760378676,3,False,True
2026,8,AM,790,1,821.060000000,False,766644.590000000,False,2026-08-01,Amistad,False,,31,26.485806452,24730.470645161,6.711813385,3,False,False
2026,8,AP,791,1,222577.648000000,False,22605.305000000,False,2026-08-01,Apaika,False,,31,7179.924129032,729.203387097,12.313035792,3,True,True
2026,8,AU,792,1,1983704.650000000,False,255774.196000000,False,2026-08-01,Auca,False,,31,63990.472580645,8250.780516129,14.500477194,3,False,False
2026,8,AV,793,1,1020.160000000,False,0.000000000,False,2026-08-01,Amazonia Viva,False,,31,32.908387097,0.000000000,6.928694515,3,False,False
2026,8,CU,794,1,549021.250000000,False,134809.827000000,False,2026-08-01,Cuyabeno,False,,31,17710.362903226,4348.704096774,13.215894248,3,False,False
2026,8,EY,795,1,834881.133000000,False,152185.175000000,False,2026-08-01,Edén Yuturi,False,,31,26931.649451613,4909.199193548,13.635045836,3,True,False
2026,8,IN,796,1,403581.180000000,False,64349.000000000,False,2026-08-01,Indillana,False,,31,13018.747741935,2075.774193548,12.908135414,3,False,False
2026,8,ITT,797,1,1242631.489000000,False,62307.028000000,False,2026-08-01,Ishpingo-Tiputini-Tambococha,False,,31,40084.886741935,2009.904129032,14.032742662,3,False,False
2026,8,LA,798,1,451687.660000000,False,210063.099000000,False,2026-08-01,Lago Agrio,False,,31,14570.569677419,6776.229000000,13.020748416,3,True,False
2026,8,LI,799,1,320638.600000000,False,181342.700000000,False,2026-08-01,Libertador,False,,31,10343.180645161,5849.764516129,12.678073030,3,False,False
2026,8,OY,800,1,635999.280000000,False,34462.059000000,False,2026-08-01,Oso Yuralpa,False,,31,20516.105806452,1111.679322581,13.362954283,3,False,False
2026,8,PA,801,1,423403.090000000,False,388475.561000000,False,2026-08-01,Palo Azul,False,,31,13658.164193548,12531.469709677,12.956082298,3,False,False
2026,8,SA,802,1,2261573.060000000,False,683891.958000000,False,2026-08-01,Sacha,False,,31,72953.969677419,22061.030903226,14.631571616,3,False,False
2026,8,SH,803,1,1659445.720000000,False,577141.221000000,False,2026-08-01,Shushufindi,False,,31,53530.507096774,18617.458741935,14.321994804,3,False,False
